year,order,artists,songs,lyrics
2010,1,木村カエラ,Butterfly,Butterfly　今日は今までの　どんな時より　素晴らしい 赤い糸でむすばれてく　光の輪のなかへ Butterfly　今日は今までの　どんな君より　美しい 白い羽ではばたいてく　幸せと共に  思い出してるよ　君と出会ったころ 何度もくり返した季節は 二人を変えてきたね  君は今誓い　愛する人の側で 幸せだよと　微笑んでる 確かなその思いで　鐘が響くよ  太陽は沈み　いたずらに星は昇る 夜は眠り　朝を待つ  Butterfly　今日は今までの　どんな時より　素晴らしい 赤い糸でむすばれてく　光の輪のなかへ  優しさにあふれた　君がとても大好き 悲しみあれば　共に泣いて　喜びがあるなら　共に笑うよ  たったひとつだけ　暖かい愛に包まれ 夢の全ては　いつまでも　つづくよ  Butterfly　今日は今までの　どんな君より　美しい 白い羽ではばたいてく　幸せと共に Butterfly　今日は今までの　どんな時より　素晴らしい 赤い糸でむすばれてく　光の輪のなかへ  運命の花を見つけた　チョウは青い空を舞う
2010,2,Superfly,タマシイレボリューション,"スタンドアップ!モンスター　頂上へ 道なき道を　切り開く時 スタンドアップ!ファイター　とんがって going on, moving on 戦いの歌　未知の世界へ タマシイレボリューション  夕方ハリケーン　鳥もざわめく 高まる鼓動に　暴れるパッション  突っ走るのさ　go to the future ride on, ride on 回りだすメリーゴーランド  イメージしたらばアクション そう、それが　it's my rule 目指せ最大級 前に道などナッシング そう、全て心意気　起こせよ new wave  スタンドアップ!モンスター　頂上へ 道なき道を　切り開く時 スタンドアップ!ファイター　とんがって going on, moving on 戦いの歌　未知の世界へ タマシイレボリューション  たまにゃデリケート　されどポーカーフェイス 時に言葉は災い　誘う 頭の中はいつもビージー 葛藤ノンストップ 立ち向かえ　人生はショータイム  プラスとマイナスがリフレイン So, 逆境は I don't care 最強に変身中 呼び覚ませ　本能 さぁ、茨の道で私はグレードアップ  スタンドアップ!モンスター　上空へ 痺れる歌を　響かせてくれ スタンドアップ!ファイター　豪快に going on, moving on 今立ち上がれ  スタンドアップ!モンスター　頂上へ 道なき道を　切り開くとき スタンドアップ!ファイター　とんがって going on, moving on 戦いの歌　未知の世界へ タマシイレボリューション"
2010,3,AKB48,ポニーテールとシュシュ,カレンダーより早く シャツの袖口まくって 太陽が近づく気配 僕の腕から衣替え  青い海 波打ち際で 君と会いたい 裸足の水しぶき  ポニーテール(揺らしながら) 風の中 君が走る(僕が走る) 砂の上 ポニーテール(揺らしながら) 振り向いた 君の笑顔 僕の夏が始まる  教室に陽が射して 夢の気温が上がった 斜め前の君　見てると 胸が苦しくなってくる  好きなんて 言えやしないよ 後ろ姿に 気持ちをつぶやく  ポニーテール(切なくなる) 夢の中 君のすべて(僕のすべて) 一人占め ポニーテール(切なくなる) 片想い 瞳(め)と瞳(め)合えば 今はただの友達  束ねた長い髪 水玉のシュシュ 恋の尻尾は 捕まえられない 触れたら消えてく 幻  ポニーテール(ほどかないで) 変わらずに 君は君で(僕は僕で) 走るだけ ポニーテール(ほどかないで) いつまでも はしゃいでいる 君は少女のままで  LaLaLaLaLaLa LaLaLaLaLaLa LaLaLaLaLa LaLaLaLaLaLa LaLaLaLaLaLa LaLaLaLa…
2010,4,斉藤 和義,ずっと好きだった,
2010,5,AKB48,ヘビーローテーション,I want you! I need you! I love you! 頭の中 ガンガン鳴ってるMUSIC ヘビーローテーション  ポップコーンが 弾けるように 好きという文字が躍る 顔や声を 想うだけで 居ても立ってもいられない  こんな気持ちになれるって 僕はついているね  I want you! I need you! I love you! 君に会えて ドンドン近づくその距離に MAX　ハイテンション I want you! I need you! I love you! ハートの奥 ジャンジャン溢れる愛しさは ヘビーローテーション  人は誰も 一生のうち 何回愛せるのだろう? たった一度 忘れられない 恋ができたら満足さ  そんなときめきを感じて 花は綻ぶのかな  I feel you! I touch you! I hold you! 夢の中で ダンダン大きくなって行く 僕のイマジネーション I feel you! I touch you! I hold you! この想いを ビンビン伝えて欲しいから ヘビーローテーション  いつも聴いてた favorite song あの曲のように ずっと　繰り返して 24時間 君だけリクエスト中  I want you! I need you! I love you! 君に会えて ドンドン近づくその距離に MAX　ハイテンション I want you! I need you! I love you! ハートの奥 ジャンジャン溢れる愛しさは ヘビーローテーション  ヘビーローテーション
2010,6,FUNKY MONKEY BABYS,涙,こぼれ落ちるその涙が　いつでも君の背中を押してる  もうガマンしなくてもいいよ　溢れ出しそうなその気持ちを いつもの笑顔に戻れるなら　朝までずっとつき合うから こんな泣き虫な君は　きっと心に素直なだけさ その頬に伝う雫を　僕は見守っているよ  目をそらしてきた自分の弱さと今 向かい合うことでしか　つかめない未来があるから  こぼれ落ちるその涙が　いつでも君の背中を押してる 無駄な事は何もないよ　悔しさ数えるたび強くなれる 昨日より強くなれる  そうさ一人眠れない夜があって　自分の事が嫌になって でも不器用なりに踏ん張って　君が苦しんでるの分かってるよ また噛み締めた唇　胸の奥の痛みを振りきるように ぐっと堪えてる涙　僕だけには見せてよ  押し殺してきたさまざまな感情を 解き放つ事でしか変われない自分がいるから  こぼれ落ちるその涙が　いつでも君の背中を押してる 無駄な事は何もないよ　悔しさ数えるたび強くなれる 昨日より強くなれる  僕に足りないもの　君が無くしたもの それぞれに埋め合いながらまた 踏み出して行こう　夜を超えて行こう たとえ何が待っていたって　その瞳を閉ざさないで  こぼれ落ちるその涙が　いつでも君の背中を押してる 無駄な事は何もないよ　悔しさ数えるたび強くなれる 昨日より強くなれる 強くなれる
2010,7,坂本冬美,また君に恋してる,朝露が招く　光を浴びて はじめてのように　ふれる頬  てのひらに伝う　君の寝息に 過ぎてきた時が　報われる  いつか風が　散らした花も 季節巡り　色をつけるよ  また君に恋してる　いままでよりも深く まだ君を好きになれる　心から  若かっただけで　許された罪 残った傷にも　陽が滲む  幸せの意味に　戸惑うときも ふたりは気持ちを　つないでた  いつか雨に　失くした空も 涙ふけば　虹も架かるよ  また君に恋してる　いままでよりも深く まだ君を好きになれる　心から  また君に恋してる　いままでよりも深く まだ君を好きになれる　心から
2010,8,木村カエラ,Ring a Ding Dong,ring a ding dong  何で？君の天気は雨？ こんなにボクの空　晴れだよ お気に入りの　ボクの傘を君にさしてあげるよ 涙も　あがれ  ring a ding dong みんな　分け合うよ ドレミファミレド  君がいつもくれる言葉 天使も大好きだ　“ありがと” だからママ！　ボクもちゃんと言えるよ いつもありがと 幸せ　とまれ  ring a ding dong かわりは　いないよ ドレミファミレド  むにゃむにゃと眠る 夢のドア開く ファンファーレ鳴り響いて だれもかれもおどり出す 小鳥や花やボクも歌い出す お日様顔だして　もう　おはよう 1・2・3・4・5・6  ring a ding dong
2010,9,ヒルクライム,春夏秋冬,
2010,10,EXILE,もっと強く,いつでも人は悲しみを　避けては通れないけど ありふれた日常の中　幸せを見つけられるから あの日閉ざした心さえ　少しずつ癒えてきたね 誰かを愛せずにいた　そんな日々に終わり告げよう  今起きてる全ての事　現実なんだって受けとめてゆくんだ 希望さえも持てずにいる　誰かのために　この命を使ってほしいから  大切なものを手にして　失う怖さも手にしたけど 絶望の中に一人で　迷ったとしても　必ず信じていて この場所でいつでもあなたを待っているよ  疑うこともできなくて　傷ついてばかりいたね その胸の痛みがいつか　誰かの勇気になるのかな 知りたくもない現実や　見たくないことばかりで それでもきっと僕らは　進んで行かなきゃいけなくて…  あの日見てた遠い夢は　形を変えて叶っているのかも 運命なら受け入れよう　ただ前を見て歩いてゆこう　一緒だから  I'm never gonna be afraid of anything 今ここに誓う　From bottom of my heart 今よりもっと強くなる　素直な気持ちで　やがていつの日にか ここにいるあなたが心から笑えるように  必ず夢を持つとか　背負わなくていい　ただ生きよう その中でもし希望の光が見えたなら ずっとずっと信じていて いつの日か僕らは　もっと強くなれる 愛を知るために　もっと強く　生きて行こう
2010,11,Lady GaGa & Beyoncé,Telephone,
2010,12,moumoon,Sunshine Girl,"キラキラ　陽差しを浴びて Make up, and dressed　Are you ready to go? Weather is great, it's your holiday We gotta party all day long  Happy day　Summer day Sunshine Girl I like it, Happy day　Summer day Sun shines for you×2  曲がり角を　照らすビビットな Sky いつもと違うにおいの風吹き抜けて 背筋しゃんと伸ばした　その分だけ なんだか　いい事がありそうだよね　Sunshine Girl  キラキラ輝いている 胸に秘めたるその太陽 はしゃいだ者勝ちの Holiday 踊ってもっと解き放って  Happy day　Summer day Sunshine Girl I like it, Happy day　Summer day Sun shines for you×2  振り返れば　流れ行く景色 わたしも毎日前に　ちゃんと進んでいるから 口角きゅっと上げて　その分だけ ハッピーとラッキーに近づいてる  キラキラ笑顔で Hello おもちゃ箱があふれる ポジティブになれるリズム 歌ってもっと解き放って  Happy day　Summer day Sunshine Girl I like it, Happy day　Summer day Sun shines for you×2  この瞬間しか出来ない 感じられないものがあるし 今、会いたいあなたにメルシー Woo yeah いつまでもこのままがいいな ずっとドキドキしてたいな そしてまっすぐに前を見て Woo yeah  キラキラ輝いている 胸に秘めたるその太陽 はしゃいだ者勝ちの Holiday 踊ってもっと解き放って  キラキラ　陽差しを浴びて Make up, and dressed　Are you ready to go? Weather is great, it's your holiday We gotta party all day long  Happy day　Summer day Sunshine Girl I like it, Happy day　Summer day Sun shines for you×2 ララ、ララ、、、"
2010,13,FUNKY MONKEY BABYS,あとひとつ,あと一粒の涙で　ひと言の勇気で　願いがかなう　その時が来るって 僕は信じてるから　君もあきらめないでいて 何度でも　この両手を　あの空へ  あの日もこんな夏だった　砂まじりの風が吹いてた グランドの真上の空　夕日がまぶしくて どこまで頑張ればいいんだ　ぎゅっと唇を噛みしめた そんな時　同じ目をした　君に出会ったんだ  そう　簡単じゃないからこそ　夢はこんなに輝くんだと そう　あの日の君の言葉　今でも胸に抱きしめてるよ  あと一粒の涙で　ひと言の勇気で　願いがかなう　その時が来るって 僕は信じてるから　君もあきらめないでいて 何度でも　この両手を　あの空へ　のばして　あの空へ  いつもどうしても素直になれずに　自信なんてまるで持てずに 校舎の裏側　人目を気にして歩いてた 誰かとぶつかりあうことを　心のどこかで遠ざけた それは本当の自分を　見せるのが怖いだけだったんだと  教えてくれたのは　君と過ごした今日までの日々 そう　初めて口に出来た　泣きたいくらいの本当の夢を  あとひとつの坂道を　ひとつだけの夜を 越えられたなら　笑える日がくるって 今日も信じてるから　君もあきらめないでいて 何度でも　この両手を　あの空へ  あつくなっても無駄なんて言葉　聞き飽きたよ　もしもそうだとしても 抑えきれないこの気持ちを　希望と呼ぶなら いったい　誰が止められると言うのだろう  あと一粒の涙が　ひと言の勇気が　明日を変えるその時を見たんだ なくしかけた光　君が思い出させてくれた あの日の景色　忘れない  あと一粒の涙で　ひと言の勇気で　願いがかなう　その時が来るって 僕は信じてるから　君もあきらめないでいて 何度でも　この両手を　あの空へ　のばして　あの空へ
2010,14,KARA,ミスター,la la la la la la la la la la la la la la la la la la la la la la la la la la la la la la la la la la la la  友達以上 恋人未満 曖昧なカンケーは 飽きたわ  トタトタ 胸が チャクチャク 熱い フルギフルギ 願う チャクチャク Feel Me 振り向かせたい Listen to my everything　ねぇ誰のせい?  Hey いますぐに Mr. 抱き締めて Mr. その腕で Mr. つかまえて Mr. だって Mr. こんなにも Mr. 欲しいのは Mr. あなただけ Mr.  la la la la la la la la la la la la la la la la la la la la la la la la la la la la la la la la la la la la  シャイな笑顔 優しい声も (I'M GONNA LOVE YOU BE ALL RIGHT OH BABY TOUCH MY HEART) 独り占めさせてよ わたしに  コンダコンダ 好きが チャクチャク 増える スキスキ涙 溢れてTrue love  ピアス開けたの 秘蜜も A little bit 生まれ変わるの  Hey わたしだけ Mr. みつめてよ Mr. あきるほど Mr. そばにいて Mr. もっと Mr. 閉じ込めて Mr. その胸で Mr. 眠らせて Mr. ...  la la la la la la la la la la la la la la la la la la la la la la la la la la la la la la la la la la la la  Hey いますぐに Mr. 抱き締めて Mr. その腕で Mr. つかまえて Mr. だって Mr. こんなにも Mr. 欲しいのは Mr. あなただけ Mr.  Hey わたしだけ Mr. みつめてよ Mr. あきるほど Mr. そばにいて Mr. もっと Mr. 閉じ込めて Mr. その胸で Mr. 眠らせて Mr. ...
2010,15,Superfly,Wildflower,果てまで続く　坂道を登る途中で アスファルト揺らす陽炎　ゆらゆら  不気味な太陽　容赦ない強さで　今日も照らしてる 枯れないように　倒れぬように　奮い立たせる  幼きころは　わけもなくまっすぐ歩いて いつからかそれなりの理由　見つけた  運命だろうか?　夢か使命か?　わからないまま 時折懸命に　悩みながら 知ってく　私を  咲き誇れ　ワイルドフラワー　荒野のど真ん中で 過ぎ去っていく毎日に　根を張り生きる どこまでも　探してる　一粒の涙を 静かに　深く呼吸をして また　歩き出す  月と通り雨　乾いてた喉を潤し 静寂に心委ねて　眠ろう  苛立つ感情は　夜に沈めて　捨て去ってしまおう 曇らぬように　信じながら 朝を待ってる  咲き誇れ　ワイルドフラワー　にじんだ空の下で 凍えた心を　抱きしめて誓う たくましく　ひたむきな　私に生まれ変わる 静かに　深く呼吸をして また　歩き出す  同じ涙流すのなら　喜びの涙を 大地を伝い　そしてまた強くなる きっと  咲き誇れ　ワイルドフラワー　荒野のど真ん中で いつまでも輝けるように　根強く生きるんだ どこまでも　探してる　一粒の涙を 目を閉じて　一つ呼吸をして また　歩き出そう
2010,16,Lady GaGa,Poker Face,
2010,17,FUNKY MONKEY BABYS,大切,あなたが笑ってて　あなたの声がして 普通に日が暮れて　また明日ねって手を振る ありふれて見えても　あたりまえなんかじゃない あなたといる日々が　なににも代えられない 大切　大切　大切  あなたが僕のそばにいて　僕はあなたのそばにいて 同じ風に吹かれた　同じ空を見上げたまま 僕がふいにつまずいて　あなたがそっと差し出した その掌のぬくもりに　本当の幸せ感じた  いつも微笑んでくれたから　悲しみも乗り越えて行けたんだ あの日あの時　一人でいたら　きっと今の僕はない  あなたが笑ってて　あなたの声がして 普通に日が暮れて　また明日ねって手を振る ありふれて見えても　あたりまえなんかじゃない あなたといる日々が　なににも代えられない 大切　大切　大切  時々あなたがもしこの世に生まれてなかったなら なんてつまらない世界なんだろうって恐くなる そう　なにげない日々に幸せを与えてくれてありがとう あなたと過ごす変わらないこの時が　かけがえのないもの  きっと遠くにあるものだろう　あてもなく捜し求めてたけど 思い返せば　その幸せは　ずっと僕のそばにいた  あなたと歩いてて　あなたと分かち合って 言葉にしなくても　なんとなく伝わってる いくつもの季節が　目の前を通り過ぎて それでも変わらない　あなたへの愛こそが大切  あなたと歩いてゆく未来なら　悲しみも苦しみも受け止めよう 今僕が願うことはただ一つ　二人の日々が続くように 永遠に…  あなたが笑ってて　あなたの声がして 普通に日が暮れて　また明日ねって手を振る ありふれて見えても　あたりまえなんかじゃない あなたといる日々が　なににも代えられない 大切　大切　大切
2010,18,FUNKY MONKEY BABYS,ヒーロー,最寄り駅の改札抜ければ　いつもよりちょっと勇敢なお父さん　Daddy！ その背中に愛する人のWowWow声がする You gatta run for today　いざ行かんゴールへ  昨晩の疲れとアルコールがまだ残った午前6時OH！ 暗いニュース野菜ジュースで流し込み朝から全力疾走 きっと今日も七転八倒　でも鳴らすな10カウント 家族にとってのヒーローになる為　転んでも立ち上がるんだぜ  株はまた急落　のしかかる重圧 満員電車のバンザイは　ギブアップじゃない冤罪対策 ネオン街の誘惑　すりぬけて週末 家で待つ愛しいファミリー　その笑顔がある限り  最寄り駅の改札抜ければ　いつもよりちょっと勇敢なお父さん　Hero！ 人ごみにも紛れないサンシャインデイ 振り返ると夢の足跡　その延長線のアスファルトさ　Daddy！ その背中に愛する人のWowWow声がする You gatta run for today　いざ行かんゴールへ  毎日おんなじ時間に起きてはテレビのニュースを見る父さん はたから見たって一見そんなに冴えない普通のサラリーマン だっていつも家族の為　人知れずに一人で戦ってる 照れくさくって言いづらいけど　頑張っているのはわかってる  株はまた急落　のしかかる重圧 So溜まったストレスをこらえて　遊びに行きたい気持ち抑えて ネオン街の誘惑　すりぬけて週末 体にムチ打って家族サービス　また迎える月曜日  繰り返す毎日の中にも　色んなことあるんだぜ父さん　Do it！ 人知れずに世の中へファイティングポーズ 男は涙をこらえながら　大切な人を守るもんさ　天晴れ！ その背中で愛を背負ってYeah Yeah今日も行く  カカア天下のお茶の間　第三のビールで乾杯しよう 明日の見えない日本の夜に　それでも陽は昇るんだ  最寄り駅の改札抜ければ　いつもよりちょっと勇敢なお父さん　Hero！ 人ごみにも紛れないサンシャインデイ 振り返ると夢の足跡　その延長線のアスファルトさ　Daddy！ その背中に愛する人のWowWow声がする You gatta run for today　いざ行かんゴールへ You gatta run for today　いざ行かんゴールへ
2010,19,Ke$ha,TiK ToK,
2010,20,Katy Perry,California Gurls,
2011,1,Lady GaGa,Born This Way,
2011,2,KARA,ミスター,la la la la la la la la la la la la la la la la la la la la la la la la la la la la la la la la la la la la  友達以上 恋人未満 曖昧なカンケーは 飽きたわ  トタトタ 胸が チャクチャク 熱い フルギフルギ 願う チャクチャク Feel Me 振り向かせたい Listen to my everything　ねぇ誰のせい?  Hey いますぐに Mr. 抱き締めて Mr. その腕で Mr. つかまえて Mr. だって Mr. こんなにも Mr. 欲しいのは Mr. あなただけ Mr.  la la la la la la la la la la la la la la la la la la la la la la la la la la la la la la la la la la la la  シャイな笑顔 優しい声も (I'M GONNA LOVE YOU BE ALL RIGHT OH BABY TOUCH MY HEART) 独り占めさせてよ わたしに  コンダコンダ 好きが チャクチャク 増える スキスキ涙 溢れてTrue love  ピアス開けたの 秘蜜も A little bit 生まれ変わるの  Hey わたしだけ Mr. みつめてよ Mr. あきるほど Mr. そばにいて Mr. もっと Mr. 閉じ込めて Mr. その胸で Mr. 眠らせて Mr. ...  la la la la la la la la la la la la la la la la la la la la la la la la la la la la la la la la la la la la  Hey いますぐに Mr. 抱き締めて Mr. その腕で Mr. つかまえて Mr. だって Mr. こんなにも Mr. 欲しいのは Mr. あなただけ Mr.  Hey わたしだけ Mr. みつめてよ Mr. あきるほど Mr. そばにいて Mr. もっと Mr. 閉じ込めて Mr. その胸で Mr. 眠らせて Mr. ...
2011,3,KARA,ジャンピン,Jumpin' Jumpin' Jumpin' Up　Jumpin' Jumpin' Jumpin' Up Jumpin' Up Jumpin' Up  記憶を消して　Jump! Jump! 今悲しみ消すの　Chance! Chance! 遠くなる　その笑顔　この手に  トリモドス…願いを懸ける! やきもきし合った　アノU&amp;I  (JUST Nothin' Better Only YOU) あなたの胸に　Jumpin' Jumpin' Jumpin' Up Only YOU 飛んで融かすの　Jumpin' Jumpin' Jumpin' Up Only YOU その愛が　Only YOU　すべてなの　Only YOU  Jumpin' Up Jumpin' Up  ヨビオコス…眠りを覚ます! ベイビーカムバック ベイビーカムバック　Shinin' U&amp;I  (JUST Nothin' Better Only YOU) あなたのもとに　Jumpin' Jumpin' Jumpin' Up Only YOU 何度でも飛ぶ　Jumpin' Jumpin' Jumpin' Up Only YOU あなたしか　Only YOU　欲しくない　Only YOU  時を　超えて　探すの　YOU YOU YOU 熱い　心　全部　ye～　YOU  (JUST Nothin' Better Only YOU) あなたの胸に　Jumpin' Jumpin' Jumpin' Up Only YOU 飛んで融かすの　Jumpin' Jumpin' Jumpin' Up Only YOU その愛が　Only YOU　すべてなの　Only YOU  (Nothin' Only YOU) あなたのもとに　Jumpin' Jumpin' Jumpin' Up Only YOU 何度でも飛ぶ　Jumpin' Jumpin' Jumpin' Up Only YOU あなたしか　Only YOU　欲しくない　Only YOU  Jumpin' Jumpin' Jumpin' Up　Jumpin' Jumpin' Jumpin' Up Jumpin' Up Jumpin' Up
2011,4,Mr.Children,かぞえうた,かぞえうた さぁ なにをかぞえよう なにもない くらいやみから ひとつふたつ もうひとつと かぞえて こころがさがしあてたのは あなたのうた  たとえるなら ねぇ なんにたとえよう こえもないかなしみなら ひとつふたつ もうひとつと わすれて また ふりだしからはじめる きぼうのうた  わらえるかい きっと わらえるよ べつにむりなんかしなくても ひとりふたり もうひとりと つられて いつか いっしょにうたいたいな えがおのうた  僕らは思っていた以上に 脆くて 小さくて 弱い でも風に揺れる稲穂のように 柔らかく たくましく 強い そう信じて  かぞえうた さぁ なにをかぞえよう こごえそうな くらいうみから ひとつふたつ もうひとつと かぞえて あなたがさがしあてたのは きぼうのうた ひとつふたつ もうひとつと ゆれてる ともしびににた きえない きぼうのうた
2011,5,少女時代,Gee,Listen Boy! My First Love Story My Angel &amp; My Girls My Sunshine Let's Go!  ヤメちゃえいっそ　ヤな事なんて 全速力(ぜんそくりょく)　回避(かいひ)せよ Gee Gee Gee Gee Baby Baby Baby Gee Gee Gee Gee Baby Baby Baby  Oh　パステルネイル　ナチュラルメイク ゆるふわカール　恋ハセヨ Gee Gee Gee Gee Baby Baby Baby Gee Gee Gee Gee Be Be Be Be Be Be  (ヒトリゴト)　オンナゴコロ　(徒然に)　顰蹙(ひんしゅく)だわ (チクタク×2)　タイムラインが気持ちを沈めてく  もう溺(おぼ)れちゃいそうヨ　もう手遅れかもヨ…嘘！ ちゃんと連れ出して  ヤバ！　チンチャ？チンチャ？　ホントは No No No No No やっぱ　メチャ！メチャ！　気ニナル Oh Oh Oh Oh Oh ほら！　チョア！チョア！　このまま Gee Gee Gee Gee Gee 恋したいの？ Oh yeah!　愛したいの？　Oh yeah yeah yeah!  Oh　衝撃的　展開　デート 連絡待ち　応答せよ Gee Gee Gee Gee Baby Baby Baby Gee Gee Gee Gee Baby Baby Baby  間違いないっしょ　恋(れん)→愛(あい)の順序 繋(つな)げて急遽(きゅうきょ)　バイブレーション Gee Gee Gee Gee Baby Baby Baby Gee Gee Gee Gee Be Be Be Be Be Be  (メッセージ)　ダイレクトに　(明確で)　恐縮だわ (チクタク×2)　ライフラインが　そろそろピンチかも  息できないくらい　ドキドキするなんて…嘘！？ いつも想定外  ヤバ！　チンチャ？チンチャ？　ホントは No No No No No やっぱ　メチャ！メチャ！　気ニナル Oh Oh Oh Oh Oh ほら！　チョア！チョア！　このまま Gee Gee Gee Gee Gee 恋したいの？ Oh yeah!　愛したいの？ Oh yeah yeah yeah!  世界中の奇跡を集めたら 最初で最後の君に出逢えたよ 確信的だから離れないでしょう  ヤバ！　チンチャ？チンチャ？　ホンキで No No No No No やっぱ　メチャ！メチャ！　虜(とりこ)よ Oh Oh Oh Oh Oh ほら！　チョア！チョア！　見つめて Gee Gee Gee Gee Gee 恋してんの！ Oh yeah!　愛したいの！ Oh yeah yeah yeah!  ヤバ！　チンチャ？チンチャ？　あくまで No No No No No まだ！　メチャ！メチャ！　疑惑で Oh Oh Oh Oh Oh ほら！　チョア！チョア！　教えて Gee Gee Gee Gee Gee 恋してんの？ Oh yeah!　愛したいの？ Oh yeah yeah yeah!
2011,6,コブクロ,流星,真冬の海辺に映った　白く透明な月が 海月に見えた　不思議な夜でした  何度引き裂かれても　遠ざかっても繋がったままの 二人を包む　瞼の奥の宇宙  星屑の中　鏤められた　心が二つ 愛の闇を　駆け抜けてく　想い　流星になり 流れてゆくよ　君のそばまで　消える前に 僕たちは　同じ星座だと　信じて  君より　綺麗な人でも　君より優しい人でも 君には　なれないんだ　もう誰も  掴めない幻を　抱きしめた胸を刺す痛みが 引力のように　二人引き寄せ合う  まだ　君の中　閉じ込められた　いくつもの迷いは 僕の中で　燃やし尽くせる　だから　もう怖がらずに 預けてほしい  君の嘘に気付くのは　小さな瞳が見開くから でも　素直さにまだ　気付けないまま  星屑の中　鏤められた　心が二つ 愛の闇を　駆け抜けてく　想い　流星になり 流れてゆくよ　君のそばまで　消える前に 僕たちは　同じ星座だと　信じてるから
2011,7,AKB48,ヘビーローテーション,I want you! I need you! I love you! 頭の中 ガンガン鳴ってるMUSIC ヘビーローテーション  ポップコーンが 弾けるように 好きという文字が躍る 顔や声を 想うだけで 居ても立ってもいられない  こんな気持ちになれるって 僕はついているね  I want you! I need you! I love you! 君に会えて ドンドン近づくその距離に MAX　ハイテンション I want you! I need you! I love you! ハートの奥 ジャンジャン溢れる愛しさは ヘビーローテーション  人は誰も 一生のうち 何回愛せるのだろう? たった一度 忘れられない 恋ができたら満足さ  そんなときめきを感じて 花は綻ぶのかな  I feel you! I touch you! I hold you! 夢の中で ダンダン大きくなって行く 僕のイマジネーション I feel you! I touch you! I hold you! この想いを ビンビン伝えて欲しいから ヘビーローテーション  いつも聴いてた favorite song あの曲のように ずっと　繰り返して 24時間 君だけリクエスト中  I want you! I need you! I love you! 君に会えて ドンドン近づくその距離に MAX　ハイテンション I want you! I need you! I love you! ハートの奥 ジャンジャン溢れる愛しさは ヘビーローテーション  ヘビーローテーション
2011,8,AKB48,フライングゲット,Na Na Na  Na Na Na  Na Na Na Na Na Na  Na Na Na  Na Na Na Na Na Na  Na Na Na  Na Na Na Na Na Na  Na Na Na  Na Na Na  ギラギラッ　容赦ない太陽が 強火で照りつけるon the beach 自惚れ温度は急上昇 落ち着かないのは真夏の性(さが)だね  2人　目が合えば なぜか逸らすのに 僕を　またすぐ見る 君って　もしかしてもしかして  フライングゲット 僕は一足先に 君の気持ち 今すぐ手に入れようか フライングゲット 何か言われる前に 心の内　ビビッと 感じるままに 誰といても(誰といても) 微笑み方で(微笑み方で) 君が僕に恋を恋をしてるのは鉄板 フライングゲット だから　誰より早く 君のハートのすべて　僕のもの 好きだからラブ・フラゲ!  クラクラッ　動揺した純情で 砂浜　チラ見してたビキニ 告白ウェルカムさ　おいで! 素直にならなきゃ楽しくないぜ!  その目　誘ってる 僕に来てくれと それが妄想としても 声を掛けてみなきゃ始まらない  フライングゲット 君に空振りしても 当たってくだけろ あるある　男じゃないか? フライングゲット いつも　やるだけやるさ 黙ってみてても　恋は売り切れるよ 勇み足でも(勇み足でも) 一番乗りで(一番乗りで) 僕が君にゾッコンゾッコンなのは無双 フライングゲット 予約　待ってるような まわりの男たちを出し抜いて 得意げにラブ・フラゲ!  フライングゲット 僕は一足先に 君の気持ち 今すぐ手に入れようか フライングゲット 何か言われる前に 心の内　ビビッと 感じるままに 誰といても(誰といても) 微笑み方で(微笑み方で) 君が僕に恋を恋をしてるのは鉄板 フライングゲット だから　誰より早く 君のハートのすべて　僕のもの 好きだからラブ・フラゲ!  Na Na Na  Na Na Na  Na Na Na Na Na Na  Na Na Na  Na Na Na Na Na Na  Na Na Na  Na Na Na Na Na Na  Na Na Na  Na Na Na
2011,9,AKB48,Everyday、カチューシャ,"太陽が 昨日より 眩しく照りつけ始めたら 真っ白な Tシャツに 今すぐ着替えて 君を誘いたい 海沿いの 国道を まだまだ 空いてるバスに乗り 潮風を 追いかけて 誰よりも早く 夏を探すんだ  心の隣で 同じ景色見ながら 何年間も 僕たちは 友達のままさ  カチューシャ　外しながら 君がふいに振り返って 風の中で微笑むだけで なぜか何も言えなくなるよ こんな想っているのに… カチューシャ　外しながら 長い髪をほどくように いつのまにか大人になって 僕の手には届かないくらい もっと　好きになるよ Everyday, Everyday, Everyday カチューシャガール  砂浜は 君に似て 思い通りに歩けないよ 寄せる波 避(よ)ける度 2人の足跡 消されてしまった  確かなものなど 何も欲しくはないよ 無邪気な君と 来年も 海に来られたら…  カチューシャしてる君に 僕は　長い恋愛中 同じクラス　出会った日から きれいになった今日まで　ずっと… 季節　何度巡っても… カチューシャしてる君に 誰も　誰も　敵わないよ 世界中で一番似合う 髪を留めた天使の輪っか  永遠(とわ)に 変わらないで  君が好きだ 言葉にできないよ 君が好きだ 僕のこの気持ち 君が好きだ 小麦色に灼けるように… 恋はきっと いつか気づくものさ Everyday, Everyday, Everyday カチューシャガール"
2011,10,KARA,GO GO サマー!,
2011,11,KARA,ジェットコースターラブ,ネテモサメテモスキサ I'm in love Ho! sixth sence　I know I feel  白状しなさい?　まだ間に合う (ドキドキしてます) ちゃんと言わなくっちゃ　始まらない　教えて  (NO!)気持ちは変わる　(HURRY UP)覚悟を決めて ハートのサイレン 回るよ　ジェットコースター　抱きしめて  もうあなただけ　想っていたの　捕まえてFall in Fall in Fall in Love どうなるの　危ないスリル　ハラハラ　どっち　セツナイヨ 告白しましょう　勇気を出して　最高の　Makin' Makin' Makin' Love 唇が「好き」と動けば　トキメク　恋　始まるの　KISS KISS  アナタノコトガスキサ You're my love Ho! sixth sence　I know I feel  最初は誰も　怖いものよ (ワクワクしちゃうね) 手をつないだら　運命が決まるの  (NO!) 手遅れになる (SPEED UP)　その手伸ばして ハートのシグナル 感じたならすぐ抱きしめて  そう誰だって　いろいろあって　乗り越えて　Fall in Fall in Fall in Love 目を閉じちゃ見えない未来　キットモットズット　追いかける 卒業しましょう　微妙な距離は　そばにいて　Makin' Makin' Makin' Love この涙こぼれる前に　今 WANT YOU NEED YOU　打ち明けて  世界で一番　好きだよ　Yeah! Motto! Motto! 抱きしめて  もうあなただけ　想っていたの　捕まえてFall in Fall in Fall in Love どうなるの　危ないスリル　ハラハラ　どっち　セツナイヨ 告白しましょう　勇気を出して　最高の　Makin' Makin' Makin' Love 唇が「好き」と動けば　トキメク　恋　始まるの　KISS KISS
2011,12,少女時代,MR.TAXI,"TOKYO, SEOUL, LONDON, N.Y. 気ままに世界を Drive tonight 各地で披露するニュー・スタイル 見たことないモノだけ見せたげる  ホラ・こっちを見て少し警戒セヨ! あの左ハンドルより何倍も I'm so fast  Mr. Taxi, Taxi, Taxi 相当 ズクシ ズクシ ズクシ 追いつけないスピードで Oops! ねぇ 着いてこれるの? Mr. Taxi, Taxi, Taxi 相当 ズクシ ズクシ ズクシ ヒカリ輝くけど触れられないの まさに Supersonic n' hypertonic 奪って欲しいの U take me 今すぐ Mr. Taxi, Taxi, Taxi 相当 ズクシ ズクシ ズクシ けど簡単にはいかないのよ  街の灯がまるで Shooting Star 次の目的地まで Non-Stop エンジン音だけ残して ダシボジャ 後ろ手で Say good-bye  ホラ・よそ見しないで冒険セヨ! あの右ハンドルよりも確かよ I'm so sure  Mr. Taxi, Taxi, Taxi 相当 ズクシ ズクシ ズクシ 追いつけないスピードで Oops! ねぇ 着いてこれるの? Mr. Taxi, Taxi, Taxi 相当 ズクシ ズクシ ズクシ ヒカリ輝くけど触れられないの まさに Supersonic n' hypertonic 奪って欲しいの U take me 今すぐ Mr. Taxi, Taxi, Taxi 相当 ズクシ ズクシ ズクシ けど簡単にはいかないのよ  どこへでも自由自在よ そう宇宙の果てでさえも 願いどおりなのよ どうして不安なの? And I don't know why, and I don't know why ついてきてよね I don't wanna say good-bye, good-bye, good-bye  Mr. Taxi, Taxi, Taxi 相当 ズクシ ズクシ ズクシ 追いつけないスピードで Oops! ねぇ 着いてこれるの? Mr. Taxi, Taxi, Taxi 相当 ズクシ ズクシ ズクシ ヒカリ輝くけど触れられないの まさに Supersonic n' hypertonic 奪って欲しいの U take me 今すぐ Mr. Taxi, Taxi, Taxi 相当 ズクシ ズクシ ズクシ けど簡単にはいかないのよ"
2011,13,Lady GaGa,Poker Face,
2011,14,植村花菜,トイレの神様,小3の頃からなぜだか おばあちゃんと暮らしてた 実家の隣だったけど おばあちゃんと暮らしてた  毎日お手伝いをして 五目並べもした でも、トイレ掃除だけ苦手な私に おばあちゃんがこう言った  トイレには それはそれはキレイな女神様がいるんやで だから毎日キレイにしたら 女神様みたいにべっぴんさんになれるんやで  その日から私は トイレをピカピカにし始めた べっぴんさんに絶対なりたくて 毎日磨いてた  買い物に出かけた時には 二人で鴨なんば食べた 新喜劇録画し損ねたおばあちゃんを 泣いて責めたりもした  トイレには それはそれはキレイな女神様がいるんやで だから毎日キレイにしたら 女神様みたいにべっぴんさんになれるんやで  少し大人になった私は おばあちゃんとぶつかった 家族ともうまくやれなくて 居場所がなくなった  休みの日も家に帰らず 彼氏と遊んだりした 五目並べも鴨なんばも 二人の間から消えてった  どうしてだろう？ 人は人を傷付け、大切なものをなくしてく いつも味方をしてくれてたおばあちゃん残して ひとりきり 家　離れた  上京して2年が過ぎて おばあちゃんが入院した 痩せて細くなってしまった おばあちゃんに会いに行った  「おばあちゃん、ただいまー!」ってわざと 昔みたいに言ってみたけど ちょっと話しただけだったのに 「もう帰りー。」って 病室を出された  次の日の朝 おばあちゃんは静かに眠りについた まるで　まるで 私が来るのを待っていてくれたように  ちゃんと育ててくれたのに 恩返しもしてないのに いい孫じゃなかったのに こんな私を 待っててくれたんやね  トイレには それはそれはキレイな女神様がいるんやで おばあちゃんがくれた言葉は 今日の私をべっぴんさんにしてくれてるかな  トイレには それはそれはキレイな女神様がいるんやで だから毎日キレイにしたら 女神様みたいにべっぴんさんになれるんやで  気立ての良いお嫁さんになるのが夢だった私は 今日もせっせと、 トイレをピカピカにする  おばあちゃん おばあちゃん ありがとう、  おばあちゃん ホンマに  ありがとう
2011,15,AKB48,Beginner,In your position set!  昨日までの経験とか 知識なんか荷物なだけ 風はいつも通り過ぎて 後に何も残さないよ  新しい道を探せ! 他人(ひと)の地図を広げるな! 伏せた目を上げた時に　0(ゼロ)になるんだ  僕らは夢見てるか? 未来を信じているか? 怖いもの知らず　身の程知らず 無鉄砲なまま 今　僕らは夢見てるか? 子どものようにまっさらに… 支配された鎖は引きちぎろう Change your mind Change your mind 何も知らなくていい　Beginner!  失敗して　恥をかいて 傷ついたこと　トラウマになって あんな思い　2度と嫌だと 賢くなった大人たちよ  チャレンジは馬鹿げたこと リスク　回避するように 愚かな計算して何を守るの?  僕らは生きているか? 明日も生きていたいか? わかったふりして　知ったかぶりで 夢も久しぶり そう　僕らは生きているか? 命無駄にしてないか? 脈を打つ鼓動を今　感じろ!  Stand up! Together! 生まれた日　思い出せ! 誰もがBeginner! Stand up! Right away! 初めから　簡単に 上手くは行かねえ Stand up! Together! 最初に戻ればいい もいちど Beginner! Stand up! Right away! 開き直って　開き直って どうにかなるさ 古いページは破り捨てろ さあ　始めようぜ! We can be reborn all the time  僕らは夢見てるか? 未来を信じているか? 怖いもの知らず　身の程知らず 無鉄砲なまま 今　僕らは夢見てるか? 子どものようにまっさらに… 支配された鎖は引きちぎろう  何もできない ちゃんとできない それがどうした? 僕らは若いんだ 何もできない すぐにできない だから僕らに可能性があるんだ  雨は止んだ 風は止んだ 見たことのない 光が差すよ 今が時だ  君は生まれ変わった　Beginner!
2011,16,ナオト・インティライミ,今のキミを忘れない,今キミを　今のキミを　いつまでも忘れないから 泣かないで　笑ってよ　一番の笑顔見せてよ  次の季節が来たから　ここで離れ離れだね ずっと一緒にいたいけれど　それぞれの夢(みち)を歩む いつもと同じ帰り道　無理に普通の振りして でも別れ際　交差点で「じゃあな」と言い出せなくて  泣いたり笑ったり　いろんな時を過ごしたね ありがとう　ありがとう　最後に今伝えたい 今キミを　今のキミを　いつまでも忘れないから 泣かないで　笑ってよ　一番の笑顔見せて  新しい日々の中で　キミは忘れていくかな でも少しくらい覚えていて欲しい　一緒に過ごした時間(とき)を  何年経っても　色褪せない想い出を ありがとう　ありがとう　今なら素直に言えるよ 今キミを　今のキミを　いつまでも忘れないから 泣かないで　笑ってよ　一番の笑顔見せてよ  良かった事ばかり思い出してしまうから 寂しさは募るばかりで　この胸強く締めつける  泣いたり笑ったり　いろんな時を過ごしたね ありがとう　ありがとう　最後に今伝えたい 今キミを　今のキミを　いつまでも忘れないから 泣かないで　笑ってよ　一番の笑顔見せてよ
2011,17,EXILE,I Wish For You,"いつでも君の為にI wish 幸せを願う事こそが愛 夢を見れば恋をすれば 誰にでも悩める日が来るから I wish, I wish, I wish for you I wish, I wish, I wish for you I wish, I wish, I wish for you always baby  どうせ自分を騙せないDeep down だから自分で変えていくしかないKeep up  沈まない太陽欠けない月のようなデザイア 守りたい救いたいメサイアのように  いつでも君の為にI wish 幸せを願う事こそが愛 夢を見れば恋をすれば 誰にでも悩める日が来るから I wish, I wish, I wish for you I wish, I wish, I wish for you I wish, I wish, I wish for you always baby  望むのなら叶うまでDo it all 掴めるのなら迷わずTake it all  雨を見つめているより走り出して行くような 心には光がさすHold on now  いつでも君の為にI wish 幸せを願う事こそが愛 夢を見れば恋をすれば 誰にでも悩める日が来るから I wish, I wish, I wish for you I wish, I wish, I wish for you I wish, I wish, I wish for you always baby  今が全てじゃない事など 既に知っているだろう？ 移ろいゆくState of mind ここにあらずOut of mind それじゃ見えない 辿り着けない まずは君が願いを掛けて  Right place！ Right time！ Get set go！  いつでも君の為にI wish 幸せを願う事こそが愛 夢を見れば恋をすれば 誰にでも悩める日が来るから I wish, I wish, I wish for you I wish, I wish, I wish for you I wish, I wish, I wish for you  I wish, I wish I wish, I wish I wish, I wish I wish, I wish for you  いつでも君の為にI wish 幸せを願う事こそが愛 夢を見れば恋をすれば 誰にでも悩める日が来るから I wish, I wish, I wish for you I wish, I wish, I wish for you I wish, I wish, I wish for you always baby"
2011,18,Lady GaGa,Judas,
2011,19,AKB48,ポニーテールとシュシュ,カレンダーより早く シャツの袖口まくって 太陽が近づく気配 僕の腕から衣替え  青い海 波打ち際で 君と会いたい 裸足の水しぶき  ポニーテール(揺らしながら) 風の中 君が走る(僕が走る) 砂の上 ポニーテール(揺らしながら) 振り向いた 君の笑顔 僕の夏が始まる  教室に陽が射して 夢の気温が上がった 斜め前の君　見てると 胸が苦しくなってくる  好きなんて 言えやしないよ 後ろ姿に 気持ちをつぶやく  ポニーテール(切なくなる) 夢の中 君のすべて(僕のすべて) 一人占め ポニーテール(切なくなる) 片想い 瞳(め)と瞳(め)合えば 今はただの友達  束ねた長い髪 水玉のシュシュ 恋の尻尾は 捕まえられない 触れたら消えてく 幻  ポニーテール(ほどかないで) 変わらずに 君は君で(僕は僕で) 走るだけ ポニーテール(ほどかないで) いつまでも はしゃいでいる 君は少女のままで  LaLaLaLaLaLa LaLaLaLaLaLa LaLaLaLaLa LaLaLaLaLaLa LaLaLaLaLaLa LaLaLaLa…
2011,20,Avril Lavigne,What the Hell,
2012,1,Che'Nelle,Believe,
2012,2,Carly Rae Jepsen,Call Me Maybe,
2012,3,AI,Happiness,
2012,4,斉藤和義,やさしくなりたい,地球儀を回して世界100周旅行 キミがはしゃいでいる　まぶしい瞳で 光のうしろ側　忍び寄る影法師 なつかしの昨日は　いま雨の中に やさしくなりたい　やさしくなりたい 自分ばかりじゃ　虚しさばかりじゃ  愛なき時代に生まれたわけじゃない キミといきたい　キミを笑わせたい 愛なき時代に生まれたわけじゃない 強くなりたい　やさしくなりたい  サイコロ転がして1の目が出たけれど 双六の文字には「ふりだしに戻る」 キミはきっと言うだろう「あなたらしいわね」と 「1つ進めたのならよかったじゃないの!」 強くなりたい　強くなりたい 我慢ばかりじゃ　誤魔化しばかりじゃ  愛なき時代に生まれたわけじゃない キミに会いたい　キミに会いたい 愛なき時代に生まれたわけじゃない 強くなりたい　やさしくなりたい  地球儀を回して世界100周 ボクらで回そう　待ってておくれ  愛なき時代に生まれたわけじゃない キミに会いたい　キミを笑わせたい 愛なき時代に生まれたわけじゃない 強くなりたい　やさしくなりたい 愛なき時代に生きてるわけじゃない 手を繋ぎたい　やさしくなりたい
2012,5,宇多田ヒカル,桜流し,開いたばかりの花が散るのを 「今年も早いね」と 残念そうに見ていたあなたは とてもきれいだった  もし今の私を見れたなら どう思うでしょう あなた無しで生きてる私を  Everybody finds love In the end  あなたが守った街のどこかで今日も響く 健やかな産声を聞けたなら きっと喜ぶでしょう 私たちの続きの足音  Everybody finds love In the end  もう二度と会えないなんて信じられない まだ何も伝えてない まだ何も伝えてない  開いたばかりの花が散るのを 見ていた木立の遣る瀬無きかな  どんなに怖くたって目を逸らさないよ 全ての終わりに愛があるなら
2012,6,安室奈美恵,Love Story,"昔からラブストーリー 苦手なの知ってたでしょ 恋に身を焦がすヒロイン 果てしなく続く girltalk たわいなく繰り返される gossip いつも抜け出したかった  Now I'm grown 欲しいものは手にしたけど　かわりに I know あなたがくれる永遠も笑顔も手に出来ない baby  誰よりもきっと　愛しているけど 選んだこの道を　歩いてくから 生まれ変わっても　愛し続けるけど 一緒にはいられないもう Cause life's no love story  その腕の中で 眠りたい 子供みたいに ふと願う日がない訳じゃない oh そういえば涙さえもう どの位流してない? でも今さら変われない  You know that I'm grown 欲しいものは手にしたけど　かわりに I know あなたがくれた優しさと笑顔も手放してた baby  誰を見つめても 誰と過ごしても 忘れられる日など 来るはずない この胸の中で 愛し続けるけど 一緒にはいられないもう Cause life's no love story  やがてすれ違うと知っていても 出会えた事この奇跡　感謝してる かけがえない日々も 後悔も痛みも 悲しみさえ 輝かせる yes, someday...baby  誰よりもきっと　愛しているけど 選んだこの道を　歩いてくから 生まれ変わっても　愛し続けるけど 一緒にはいられないもう Cause life's no love story"
2012,7,AKB48,GIVE ME FIVE!,桜の歌が街に流れ あっと言う間だった別れの日 校舎の壁のその片隅 みんなでこっそり寄せ書きした  制服は もう脱ぐんだ 春の風に吹かれながら どんな花も やがては散って 新しい夢を見る  友よ 思い出より 輝いてる 明日(あす)を信じよう そう　卒業とは 出口じゃなく 入り口だろう 友よ それぞれの道 進むだけだ サヨナラを言うな また　すぐに会える だから　今は ハイタッチしよう  何枚　写真を撮ってみても 大事だったものは残せない ケンカして口きいてなかった あいつとなぜか肩を組んでた  まだ誰も 帰らなくて 教室が狭く見えるよ 名残惜しい 時間の先に 僕らの未来がある  涙 堪(こら)えるより 生まれてから 一番　泣いてみよう そう　つらいことは まだまだある 慣れておこうぜ 涙 ぐしゃぐしゃの顔 見せ合ったら 何でも話せるね 一生の親友だ 忘れるなよ ハイタッチしよう  友よ 思い出より 輝いてる 明日(あす)を信じよう そう　卒業とは 出口じゃなく 入り口だろう 友よ 巡り逢えて 最高だった 青春の日々に まだ　言えなかった ありがとうを ハイタッチで…
2012,8,EXILE,Rising Sun,"So, Rising Sun 陽はまたのぼってゆく So, Rising Sun 夜明けはそばに来てる その光がここから　どこまでも広がってく‥‥ So, Rise, Rising Sun  どんな暗い　闇の中でも 明けない夜はないと　信じて 未来のため　何かを感じてる  先が見えない　旅だとしても この鼓動が　止まる日まで 決してあきらめないと　誓おう　そう今  So, Rising Sun 陽はまたのぼってゆく So, Rising Sun 夜明けはそばに来てる その光がここから　どこまでも広がってく‥‥ So, Rise, Rising Sun  どんな長い道だとしても いつかたどりつけるはず 確実に歩いてく　この足で  同じことのくり返しでも その意味や深さは違う 決して無駄じゃないと思える　さぁ行こう  この One Way Road 後戻りはしないよ この One Way Road 一枚の片道切符 その想いが少しずつ　どこまでも広がってく この One, One Way Road  一人で崩れそうな夜は 目を閉じて　感じてみる  So, Rising Sun 陽はまたのぼってゆく So, Rising Sun 夜明けはそばに来てる その光がここから　どこまでも広がってく‥‥ So, Rise, Rising Sun"
2012,9,AKB48,真夏のSounds good!,
2012,10,GReeeeN,ミセナイナミダハ、きっといつか,いつのまに　忘れてたの 気がつけば　あふれた涙 別に決めてた訳じゃないんだけど 惨めに思えたのかな  泣かないように　くいしばった そんな毎日　背負って生きてた だけど　あなたがくれた『大丈夫』が もういいよって聞こえた  『ミセナイナミダ』は きっといつか　虹となり世界てらして 大切な人達を　守る光となる 皆抱える荷物でも　平気な顔でツヨガリ ただ涙　涙　涙でも　君が笑えるなら  街角には　いるべき場所 目指し　失い　戦うカケラ達 愛や　夢ならば　選んだ　ツヨガリ 誰かを支える涙もあるだろう  1人帰る家路の途中　窓に映る　顔を見てる 少し疲れた表情だけれど　周りの人々も同じように それぞれが守りたい笑顔と それぞれが描きたい未来を 抱えながら戦い歩く　ツヨガリ　掲げて  喜びや悲しみさえ　分け合う人がいるから  ぼくら　満たされた日々を待ちわびて 夢中で駆け抜けてく 時に迷いながらも　優しさ探すだろう この街じゃ見失いそうになるけど  『ミセナイナミダ』は きっといつか　虹となり世界てらして 大切な人達を　守る光となる 皆抱える荷物でも　平気な顔でツヨガリ ただ涙　涙　涙でも　君が笑えるなら  涙やツヨガリは　超えていく為の誓い 大切な人達を　導くあかりとなる 君が笑っているなら　平気な顔でいられる 『タダ　ナミダナガシ　ナイタヒモ』 きっと笑えるから
2012,11,ゴールデンボンバー,女々しくて,女々しくて女々しくて 女々しくて辛いよ  僕の事をからかったの？ あんなに好きと言ったのに 奴のどこを気に入ったの？ 僕はもう要らない?  君と手を繋ぎ踊りたい 沢山の人混みの中で 君の笑顔だけが輝いて  愛されたいねきっと見過ごした 君のシグナルもう一度 気まぐれかな？でも構わない 君と居たいから  女々しくて女々しくて 光を浴びて 女々しくて女々しくて 恋の歌歌って 女々しくて女々しくて いざ辿り着いたこの世界はもう 女々しくて 女々しくて 女々しくて辛いよ  今日は踊ろうもう忘れよう 昨日の古い悩みなど 君は誰を？次は誰と？ 心を酌み交わす  本当は抱き合って眠りたい カラカラに渇いた心を 君の美しさで潤して  恋に焦がれいつもミスをした 女心　雲の様 惚れた晴れた　狭い心が また妬んでいる  女々しくて女々しくて 二人を見つめ 女々しくて女々しくて 君が笑顔で 女々しくて女々しくて 奴の手に触れた この胸はもう 女々しくて 女々しくて 女々しくて辛いよ  愛情ってゆーか、ただ君が欲しい 僕の心、犬のよう 騙されたって、どうぞ構わない 君と居れるなら 愛されたいねきっと見過ごした 君のシグナルもう一度 気まぐれかな？でも構わない 君と居たいから  女々しくて女々しくて 光を浴びて 女々しくて女々しくて 恋の歌歌って 女々しくて女々しくて いざ辿り着いたこの世界はもう 女々しくて 女々しくて 女々しくて辛いよ
2012,12,Ms.OOJA,Be...,こんな世界で一人きりで　歩いてきたような顔して 本当は一人じゃ何も出来ないこと そんな当たり前のことさえ　分からないままに強がって きっと誰かを傷つけていたね  もっと強くなれば　孤独さえも 消え去っていく　そう思っていたけど  もしもこの未来に あなたがいるのなら 思い描いた景色も変わるかな ありのままでずっと　笑って　泣ける場所 本当はいつでも　きっと…　探してた  子供の頃は信じていた　大人になればいつのまにか 傷つくこともなくなっていくと だけど気づけば誰もが皆　笑顔の裏に隠していた 思いを抱え生きていること  そして人はきっと　守るものと 共に歩み　強くなっていく  もしもこの未来が　見えない時だって 隣で笑っていてくれるなら ただ独りの時間(トキ)も　心強くなるよ 明日の自分も　もっと…　信じられる  数え切れないほどの出会いの中で 通り過ぎるだけの人もいるのに いつもあなただけは ずっと　ここにいる  もしもこの未来に あなたがいるのなら 思い描いた景色も変わっていく ありのままでずっと　笑って　泣ける場所 本当はいつでも　きっと…　探してたから  もしもこの未来が　見えない時だって 隣で笑っていてくれるなら ただ独りの時間(トキ)も　心強くなって 明日の自分を　もっと…　好きになる
2012,13,Superfly,輝く月のように,どれくらい感謝したって足りないから あなたを全心で見つめ返す 太陽の光を浴びて輝く 夜空の月がそうしてるみたいに  雲の空　隠れるように彷徨う私に 光をぶつけてくれたね ひとりきり閉ざした心こじ開け 私のすべてを受け止めてくれたんだ  誰かを頼る心、強く信じる心 きっと、あなたに出逢ったから 素直になれたんだ  愛を知って輝き出すんだ 人もみんな世界を照らしてく 夜空の月のように こんなにも輝いてるよ　見えるかな 逃げないで強くなってく あなたに笑って欲しいから こんなにね　見て、光るよ  不思議だね、 笑顔の奥で泣いてた頃の 私にさよなら出来たんだ ありがとう だから、苦しい時には 私の光で守ってあげたい  誰かのためになりたい　誰かのために生きたい きっと、あなたに出逢ったから 生まれ変われたんだ  愛を知って輝き出すんだ うれしいよ 不器用な私だって、まだ小さい光だって どうかずっと見守っていてね いつまでも 無限に繰り返す　心に抱く想いよ 飛んでゆけ　ありがとう  どうしよう、どうしたらいい? こんなにも“誰かを愛せる”って 涙が溢れ出す  愛を知って輝いてるよ 迷わないで世界を照らしてく 夜空の月のように こんなにも輝いてるよ  ほら、この空で  見て、 光るよ
2012,14,ゆず,栄光の架橋,誰にも見せない泪があった　人知れず流した泪があった 決して平らな道ではなかった　けれど確かに歩んで来た道だ あの時想い描いた夢の途中に今も 何度も何度もあきらめかけた夢の途中  いくつもの日々を越えて　辿り着いた今がある だからもう迷わずに進めばいい 栄光の架橋へと…  悔しくて眠れなかった夜があった 恐くて震えていた夜があった もう駄目だと全てが嫌になって逃げ出そうとした時も 想い出せばこうしてたくさんの支えの中で歩いて来た  悲しみや苦しみの先に　それぞれの光がある さあ行こう　振り返らず走り出せばいい 希望に満ちた空へ…  誰にも見せない泪があった　人知れず流した泪があった  いくつもの日々を越えて　辿り着いた今がある だからもう迷わずに進めばいい 栄光の架橋へと… 終わらないその旅へと 君の心へ続く架橋へと…
2012,15,Che'Nelle,Baby I Love U,
2012,16,家入レオ,Shine,夜明けを待ち続けた　心が震える夜 泣き疲れた後は　光を探し　歩き出せるよ いつでも…  You can shine 変わらないものは　いつもここにあって もう　失くさないで　感じる力　君は持ってるから You can shine 自分らしく　生きてゆく為にきっと そう　忘れないで  一人じゃないよ　君のそばにいるよ I want you get a shine we get shine  あきらめかけた時に　何かが生まれたんだ そう　瞳を閉じれば　あの日の空に包まれてるよ いつでも…  You can shine 立ち止まるのは　いつでもできる　もっと 高い壁だって　乗り越えられる　君ならできるから You can shine つまづいたその手に掴んだ未来は そう永遠に　輝きながら　転がり続けるよ I want you get a shine we get shine  夢の続き　この汚れのない　今を生きる　Shine そこにはもう　迷いもなくて  You can shine 変わらないものは　いつもここにあって もう　失くさないで　感じる力　君は持ってるから You can shine 自分らしく　生きてゆく為にきっと そう　忘れないで  一人じゃないよ　君のそばにいるよ I want you get a shine I want you get a shine
2012,17,ナオト・インティライミ,君に逢いたかった,君に会いたかった　ただ会いたかった　運命に引き離されても 夜空を巡って　時間(トキ)を越えて　君をみつけるから  出逢ったイミを考えてた　はじめて声をきいた瞬間に 「この人だ」とわかったんだ　信じてもらえないかもだけど  「どうしたの？」　電話越しの声で　キミが元気じゃないことくらい 分かるさ　離れてる時でも　どんなに明るく振る舞っても 「大丈夫」「大丈夫じゃない」「元気だよ」「いや心配だ」 今すぐ君に会いにいく  君に逢いたかった　待ち続けてた　運命が僕らをつないだ 傷つきながらも　旅して僕ら　やっと　巡り会えた 誰がなんて言おうと　かなしい夜も　君を笑わせてみせるから 何が起きたって　誰より僕が　君を幸せにする  誰もそんな強くないとか　それはそれで真実なんだろうけど それでも僕は胸を張って　君のために強くありたい  くだらないことは話せるのに　肝心な時にはいつも口ベタ 本音伝えきれない不器用さが時折マジで嫌になるけど こんな気持ち初めてで　本当に大切にしたくて だからこそ離したくないんだ  君に逢いたかった　待ち続けてた　運命が僕らをつないだ 傷つきながらも　旅して僕ら　やっと　巡り会えた 誰がなんて言おうと　かなしい夜も　君を笑わせてみせるから 何が起きたって　誰より僕が　君を幸せにする  １００億年前から決まってたのかなぁ　こんな日が来ること  君に会いたかった　ただ会いたかった　運命に引き離されても 夜空を巡って　時間(トキ)を越えて　君をみつけるから 君に逢いたかった　待ち続けてた　運命が僕らをつないだ 何が起きたって　誰より僕が　君を幸せにする  君に逢いたかった　待ち続けてた 出逢えてよかった　世界は変わった  永遠を　君に誓うよ　僕が幸せにする
2012,18,AKB48,ギンガムチェック,こんなに君を 好きでいるのに 僕は誤魔化してる 自転車を押して歩く 君が無邪気に笑う  海岸通り バイト先まで 焦(じ)らすね　太陽  ギンガムチェック 君が着てる 半袖シャツ マニッシュだね 愛しくて切なくて 心は格子柄だよ ギンガムチェック 恋の模様 ブルー　ホワイト　ブルー どっちだろう? 気持ちを伝えるか 僕の迷いは ギンガムチェック  目の前の海 青一色で すべて語ってるよ シンプルな言葉ひとつ 僕は口にできないよ  臆病だから 今の関係も しあわせってことさ  ギンガムチェック 夏が過ぎて カーディガンは いつから着る? この道をどこまでも 歩ける訳じゃないけど ギンガムチェック 恋の期限 YES NO YES スルーでもいい 大事な君だから 次の夏まで ギンガムチェック  海がキラキラと 反射してる 僕のまだらな思いは 光と影  ギンガムチェック 君が着てる 半袖シャツ マニッシュだね 愛しくて切なくて 心は格子柄だよ ギンガムチェック 恋の模様 ブルー　ホワイト　ブルー どっちだろう? 気持ちを伝えるか 僕の迷いは ギンガムチェック
2012,19,Nicki Minaj,Starships,
2012,20,Alexandra Stan,Mr. Saxobeat,
2013,1,きゃりーぱみゅぱみゅ,にんじゃりばんばん,鮮やかに　恋して　にんじゃりばんばん なんだか　にんじゃりばんばん bloom bloom bloom　花びらも舞う 飛んでけ　にんじゃりばんばん 常識を変えたら　驚きが日常に  どうして　にんじゃりばんばん 愛して　にんじゃりばんばん Ring Ring Ring　鳴らないメロディー ふんわり　煙に巻き 空を駆けるのは　にんにんにん　キミだけだから  見えていたものが　七色に 変わる時　キミはきっと 手をのばしても　触れない光のようだから  どんな色にもならないで キミは街を染めるよ 広がってゆくね　転がる巻物みたいな 道を作る
2013,2,テイラー・スウィフト,We Are Never Ever Getting Back Together,
2013,3,AKB48,恋するフォーチュンクッキー,あなたのことが好きなのに 私にまるで興味ない 何度目かの失恋の準備 Yeah! Yeah! Yeah!  まわりを見れば大勢の 可愛いコたちがいるんだもん 地味な花は気づいてくれない Yeah! Yeah! Yeah!  カフェテリア流れるMusic ぼんやり聴いていたら 知らぬ間にリズムに合わせ つま先から動き出す 止められない今の気持ち カモン　カモン　カモン　カモン　ベイビー 占ってよ  恋するフォーチュンクッキー! 未来は そんな悪くないよ Hey! Hey! Hey! ツキを呼ぶには 笑顔を見せること ハートのフォーチュンクッキー 運勢 今日よりもよくしよう Hey! Hey! Hey! Hey! Hey! Hey! 人生捨てたもんじゃないよね あっと驚く奇跡が起きる あなたとどこかで愛し合える予感  あなたにちゃんと告(こく)りたい だけど自分に自信ない リアクションは想像つくから Yeah! Yeah! Yeah!  性格いいコがいいなんて 男の子は言うけど ルックスがアドヴァンテージ いつだって可愛いコが 人気投票1位になる プリーズ　プリーズ　プリーズ　オーベイビー 私も見て  恋するフォーチュンクッキー! その殻 さあ壊してみよう Hey! Hey! Hey! 先の展開 神様も知らない 涙のフォーチュンクッキー そんなに ネガティブにならずに Hey! Hey! Hey! Hey! Hey! Hey! 世界は愛で溢れているよ 悲しい出来事忘れさせる 明日は明日の風が吹くと思う  カモン　カモン　カモン　カモン　ベイビー 占ってよ  恋するフォーチュンクッキー! 未来は そんな悪くないよ Hey! Hey! Hey! ツキを呼ぶには 笑顔を見せること ハートのフォーチュンクッキー 運勢 今日よりもよくしよう Hey! Hey! Hey! Hey! Hey! Hey! 人生捨てたもんじゃないよね あっと驚く奇跡が起きる あなたとどこかで愛し合える予感
2013,4,One Direction,Live While We're Young,
2013,5,CARLY RAE JEPSEN,Call Me Maybe,
2013,6,ナオト・インティライミ,恋する季節,"なぜだろう　今夜は　うまく呼吸ができない この夏の　向こうに　まだ太陽はいてくれる？  幾千の　愛の言葉も　足りない　この想いが ざわめきだして　それはまるでポップコーンのよう 宇宙(そら)へとハジケトブ  走り出す未来が　光り輝く季節 描いてた夢ってなんだっけ？ 忘れかけていた思いが　胸の奥で暴れだした それは はじまりの合図 もっともっと僕ら 笑顔に包まれたくて キミとなら　叶えられそうで 泣きたくなることもあるけど　ほらいい顔みせて 1秒後　奇跡が始まるから  「香りはラベンダーかミント　センチメンタルなクレヨン シュガーたっぷりのハーブティ　ほつれ気味のソファ 芯のきれたホッチキス 魔法じかけの時計　OK　週末はカプチーノ なおさら気持ちはクレシェンド　寝不足でエトセトラ...」  幾千の　愛のメロディも　足りない　この想いが ざわめきだしてキマグレに　キラキラ宇宙(そら)へと泳ぎだす  真っ白な世界がカラフルになる奇跡 星屑の夢はなんだっけ？ あのビルのシルエットだって　今日はまるでピラミッドだって もうキミなしじゃいられなくて あらゆるものからキミを奪いたくて 悲しみも一緒だとしても キミが教えてくれたこと　夜空の星だって　暗闇があるから　輝くって  いつの日かこの世界が終わっても さみしくなんかないさ　キミと巡り逢えたから それがすべて　そんなmy life, my love (love,love,love…)  走り出す未来が　光り輝く季節 うたかたの夢の続き どんな些細な喜びだって　今なら感じあえるんだ 恋する季節の中で もっともっと僕ら 笑顔に包まれたくて キミとなら　叶えられそうで 泣きたくなることもあるけど　ほらいい顔みせて 1秒前　奇跡が始まったんだ"
2013,7,荒井由実,ひこうき雲,
2013,8,Linked Horizon,紅蓮の弓矢,
2013,9,ゴールデンボンバー,女々しくて,女々しくて女々しくて 女々しくて辛いよ  僕の事をからかったの？ あんなに好きと言ったのに 奴のどこを気に入ったの？ 僕はもう要らない?  君と手を繋ぎ踊りたい 沢山の人混みの中で 君の笑顔だけが輝いて  愛されたいねきっと見過ごした 君のシグナルもう一度 気まぐれかな？でも構わない 君と居たいから  女々しくて女々しくて 光を浴びて 女々しくて女々しくて 恋の歌歌って 女々しくて女々しくて いざ辿り着いたこの世界はもう 女々しくて 女々しくて 女々しくて辛いよ  今日は踊ろうもう忘れよう 昨日の古い悩みなど 君は誰を？次は誰と？ 心を酌み交わす  本当は抱き合って眠りたい カラカラに渇いた心を 君の美しさで潤して  恋に焦がれいつもミスをした 女心　雲の様 惚れた晴れた　狭い心が また妬んでいる  女々しくて女々しくて 二人を見つめ 女々しくて女々しくて 君が笑顔で 女々しくて女々しくて 奴の手に触れた この胸はもう 女々しくて 女々しくて 女々しくて辛いよ  愛情ってゆーか、ただ君が欲しい 僕の心、犬のよう 騙されたって、どうぞ構わない 君と居れるなら 愛されたいねきっと見過ごした 君のシグナルもう一度 気まぐれかな？でも構わない 君と居たいから  女々しくて女々しくて 光を浴びて 女々しくて女々しくて 恋の歌歌って 女々しくて女々しくて いざ辿り着いたこの世界はもう 女々しくて 女々しくて 女々しくて辛いよ
2013,10,ケラケラ,スターラブレイション,オウベイベイベイ　今日も明日(あす)も　踏み出してラストシンデレラ 不器用な愛を掲げながら　ずっと駆け抜けてく強く強く スターラブレイション  「素直になっていいんだよ？」　君はそう言って微笑むの 真夜中のラブストーリー　泣きそうに　涙をこらえてるんだ 分かっているんだよ　大丈夫が口癖なのは この先はラブストーリー？　それともソーリー？ 甘いようでスパイシー  ドラマチックな恋も　チュールドレス姿も 脱ぎ捨ててここまで全速力で (来たんだよ)  オウベイベイベイ　今日も明日(あす)も　踏み出してラストシンデレラ 泣き笑いながら見る空は　最高に美しいんだ オウベイベイベイ　胸の中の　想いよ高く舞い上がれ 不器用な愛を掲げながら　ずっと駆け抜けてく強く強く スターラブレイション  誤解される性格だから　またココロが疲れるんだね この先もそうやって　強がり言って 同じように生きてくの？  星巡るこの夜に　何かが揺れ始めた 描いた理想の自分になるため (走り出す)  オウベイベイベイ　今日も明日(あす)も　踏み出してラストシンデレラ 鏡の前に立つ私は　最高に美しいんだ オウベイベイベイ　胸の中の　迷う心よ舞い散らして 弱さ超えてくこの笑顔は　光る風の中の太陽なんだ スターラブレイション  雲一つ無い空に　両手いっぱいの愛が 真っ直ぐに君へと届けに行くよ (どこまでも)  オウベイベイベイ　今日も明日(あす)も　踏み出してラストシンデレラ 泣き笑いながら見る空は　最高に美しいんだ オウベイベイベイ　胸の中の　想いよ高く舞い上がれ 不器用な愛を掲げながら　ずっと駆け抜けてく強く強く スターラブレイション
2013,11,SEKAI NO OWARI,RPG,空は青く澄み渡り　海を目指して歩く 怖いものなんてない　僕らはもう一人じゃない  大切な何かが壊れたあの夜に 僕は星を探して一人で歩いていた ペルセウス座流星群　君も見てただろうか 僕は元気でやってるよ　君は今「ドコ」にいるの？  「方法」という悪魔にとり憑かれないで 「目的」という大事なものを思い出して  空は青く澄み渡り　海を目指して歩く 怖いものなんてない　僕らはもう一人じゃない 空は青く澄み渡り　海を目指して歩く 怖くても大丈夫　僕らはもう一人じゃない  大切な何かが壊れたあの夜に 僕は君を探して一人で歩いていた あの日から僕らは一人で海を目指す 「約束のあの場所で必ずまた逢おう。」と  「世間」という悪魔に惑わされないで 自分だけが決めた「答」を思い出して  空は青く澄み渡り　海を目指して歩く 怖いものなんてない　僕らはもう一人じゃない 空は青く澄み渡り　海を目指して歩く 怖くても大丈夫　僕らはもう一人じゃない  “煌めき”のような人生の中で 君に出逢えて僕は本当によかった  街を抜け海に出たら　次はどこを目指そうか 僕らはまた出かけよう　愛しいこの地球(せかい)を  空は青く澄み渡り　海を目指して歩く 怖いものなんてない　僕らはもう一人じゃない 空は青く澄み渡り　海を目指して歩く 怖くても大丈夫　僕らはもう一人じゃない
2013,12,西野カナ,Believe,Oh Oh Oh…“Yeah!!” Oh Oh Oh…“Yeah!!” Oh Oh Oh…“Yeah!!” Oh Oh Oh…  思い切って イメチェン “my hair” 友達もいいね!って Oh Yeah　キレイさっぱり もうふっきれたの  Oh　勝手に更新される アイツの最新情報 No Way! Who is this pretty girl? まさか彼女かな  あれからそんなに 時間も経ってないはずなのに マジでありえないな男心  I believe いつかアイツが　後悔するほど キレイになって　見返せる時が来るから だから今は信じて 自分磨いて “Yeah!!” 笑って “Yeah!!” 幸せつかむの Believe in yourself  Oh Oh Oh…“Yeah!!” Oh Oh Oh…“Yeah!!” Oh Oh Oh…“Yeah!!” Oh Oh Oh…  久々の女子会 のろけとグチばっかり Oh Wait! I'm so lonely girl まさか私だけ!?  これからたくさん イベントも誕生日もあるのに マジで切ないな乙女心  I believe いつか誰もが　うらやむくらいの 素敵な人と　恋をする時が来るから だから今は信じて 自分磨いて “Yeah!!” 笑って “Yeah!!” 幸せつかむの Believe in yourself  思うより簡単じゃないな もう傷つきたくないな でもいつまでも怖がってたら 何も始まらないから  I believe いつかすべてが　いい思い出だと 言えるくらい　素敵なオトナになるから だから今は信じて 今度こそは “Yeah!!” 絶対 “Yeah!!” 幸せつかむの Believe in yourself  Oh Oh Oh…“Yeah!!” Oh Oh Oh…“Yeah!!” Oh Oh Oh…“Yeah!!” Oh Oh Oh…
2013,13,きゃりーぱみゅぱみゅ,インベーダーインベーダー,おっしゃ　Let's 世界征服  WOW WOW WOW　いぇいいぇいいぇい ボクはインベーダーインベーダー きゅきゅきゅインベーダーインベーダー WOWWOWWOW　いぇいいぇいいぇい ボクはインベーダーインベーダー ボクはインベーダーインベーダー  目からビーム　耳からミサイル キミにテレパシー　伝えてハート 伸ばすアンテナ　虹色UFO そんなに言うなら おっしゃ　Let's 世界征服  だ　だ　だ　だ　インベーダー ボクはたぶん　いぇいいぇいいぇい だ　だ　だ　だ　インベーダー キミの街にも　ぴーぽぴーぽぴぽ だ　だ　だ　だ　インベーダー ボクはたぶん　いぇいいぇいいぇい だ　だ　だ　だ　インベーダー おっしゃ　Let's 世界征服  だ　だ　だ　だ　インベーダー ボクはたぶん　いぇいいぇいいぇい だ　だ　だ　だ　インベーダー キミの街にも　きゅーきゅきゅーきゅきゅきゅ だ　だ　だ　だ　インベーダー ボクはたぶん　いぇいいぇいいぇい だ　だ　だ　だ　インベーダー おっしゃ　Let's 世界征服
2013,14,安室奈美恵,Contrail,昨日の君の涙 だれかの明日を変え そのだれかの言葉が いつか 君の涙 掬う  そうして 繋いで 歪みのない円を描く 裸足で 迷って また出会う景色  Life 私はそれを知っているんだ What is life 君にも見えているのだろうか どこまでも続く雲海を 駆け抜ける 胎動 こんな痛みなど こんな鎖など 前に進む 動力 過去は空に溶ける and you'll see a contrail  いま 生きるこの時が なにかの間違いで もし あの分岐点へ 戻れるとしても  私は 選ばない 答えは自分で探す 仮定に 意味はない そこに君がいないなら  Life 私はそれを知っているんだ What is life 君にも見えているのだろうか どこまでも続く雲海を 駆け抜ける 胎動 こんな痛みなど こんな鎖など 前に進む 動力 過去は空に溶ける and you'll see a contrail  I didn't know then what I know now I didn't know then what I know now  諦めたら また 未来は閉じる 多数に押し出され こぼれ落ちるため息 追いかけ うつむけば 水たまりに架かる 飛行機雲  Life 私はそれを知っているんだ What is life 君にも見えているのだろうか どこまでも続く雲海を 駆け抜ける 胎動 こんな痛みなど こんな鎖など 前に進む 動力 過去は空に溶ける and you'll see a contrail
2013,15,天野春子（小泉今日子）,潮騒のメモリー,
2013,16,ゆず,イロトリドリ,なんて顔してしょげてんだ　I Wanna 言わなぁ　分からんぞ どんな願いも叶うように　いい加減　良い加減　踊りダンス  澄み渡る青空　ありが太陽(燦々)　君も僕も深呼吸(山口も)誰？ そんなもんさ(ほら)こっちをむいて(ホイ！ホイ！ホイ！) 心を軽くしたら　笑えるさ　どんなことも  色とりどりに　光る世界を作ってく 僕らは　それぞれに輝くcolor どこかで　いつか君にも会えるといいな 混ざり合う色で明日を描こう  123456789　十　百　千　万　億　兆 京(けい)　垓(がい)　穣(じょう)　溝(こう)　澗(かん)　正(せい) 載(さい)　極(ごく)　恒河沙(こうがしゃ)　阿僧祇(あそうぎ)　那由他(なゆた) 不可思議(ふかしぎ)な　無量大数(むりょうたいすう) ドンドコ何処？何処？どこっすか？　何？何？それがし誰っすか？ 無限の可能性　ゆくぞ！　一人一人  色鮮やかに　開く花のつぼみのように 未来へ　進む道が始まるcolor いつでも　そうさ君なりのやり方で 新しい色を咲かせていこう  初めて逆上がり出来た　鉄棒の上から見えた オレンジに　染まる目の前の景色　ひりひりしてた手のひら 待っててくれた　君はずっと  誰もが誰かの心の太陽　寄り添えばシンフォニー(山口も)だから誰？ まだやれるさ(ほら)愛なら(ここに) 僕らはひとりじゃないcolor　飛ぶよ　空に　更に さぁ　遥か　彼方  色とりどりに　光る世界を作ってく 僕らは　それぞれに輝くcolor どこかで　いつか君にも会えるといいな 混ざり合う色で明日を描こう  色々あるけど　どんな運命も立ち向かう 誰もが　宝物を見つけるcolor その時　君と笑い合えたらいいな 喜びの色が溢れるように 新しい色を咲かせていこう 僕たちの色で未来を作ろう
2013,17,T.M.Revolution x 水樹奈々,Preserved Roses,
2013,18,GReeeeN,愛し君へ,僕の隣に　いつも君が居る事 ここで良かったと　思ってくれるかな 世界がもし明日　悲しみにあふれても 君がいるから　僕は生きていく  握りしめた　小さな手が 運んでくれた　大きな愛が　僕を動かすんだ  『愛』って何か　わからなかった　そんな過去(とき)もあったけれど 心震えた　涙あふれた　胸がギュッと苦しかった 『君がいる』それだけで今日も明日も進む意味です 大切なもの　見失わないように　この歌唄おう  君と笑いあえた　ささいな出来事も 君の涙を　見て痛む胸も 二人で過ごしていく　日々は増え続けていく 僕の気持ちと　同じようにね  君の声や　笑顔　涙も 恋しくって　愛あふれて　僕は動き出すんだ  好きって何だ　あの過去(とき)僕は　それすらもわからないほど 夢中になって　君を見つめて　伝えたい言葉探した 限られた時の中　どれだけの愛返せるだろう 大切だよ　愛してるよ　これからもずっとずっと  きっと　目の前に願わない　困難もあるだろう 君とだったら　挑む価値がある ずっと　浮き沈み　繰り返し　そんなところだろう だけど君とだから　素敵に想えるんだろう  瞳閉じれば　いつも浮かんでくる 大切な人　大切な事 きっと　もっと　ずっと　信じてく  あぁ　今まで一緒　これから一生　続いてく　僕らのメロディー この一瞬を　過ごしていっそう　『思い出』と『明日』を描こう！ ありがとう　どんな辛い日々でも　楽しく想えるのは 君のおかげ　恋の面影　唄おう　声が枯れるまで！！  これから先、何年、何十年と　変わらない僕らがいいね 大人になって　涙増えても　寄り添って手をつないでさ ありがとう　思い出せば　いろんな事を超えて来れた 同じ笑顔　同じ涙　同じトキを過ごした 『君がいるから』　『今があるから』 心から　愛し君へ
2013,19,FUNKY MONKEY BABYS,ありがとう,君にどうしても 聞いておきたいことがあるんだ ずっと強がってた 本当の僕はもっと臆病で 思ってたよりも弱くて でも何かをしてあげたくて 必死に叫んでいた歌声は どれだけ届いていましたか？  何も見えない暗闇の中で 君の涙に気付けていたかな 頼りなく手探りをしていたけど いつだって　君だけは 僕の光だった  君と寄り添って　いくつも乗り越えた 悲しみの夜を　僕は忘れない いつもそばにいて　支え合えた日々と 温かな君の笑顔にありがとう  ラララ…　僕は忘れない ラララ…　笑顔にありがとう  眩しいくらいの夢物語 でもうまくはいかない事ばかり 悔し涙を何度も流し 昨日より明日を必死に探し そこにあった君とのつながり 僕を照らした希望の灯り また続いてく夢物語 旅は始まったばかり  もしも離れ離れの時がきて もしも未来が不安に染まっても 君と手を取り積み重ねてきた 一つの　絆だけが 僕の光なんだ  眠れない夜を　笑い合った日々を 君と見た景色を　僕は忘れない さりげない言葉に　その手の温もりに 僕を照らしてくれた笑顔にありがとう  いくつもの思い出が愛しくて 立ち止まってしまいそうになる それでも僕は歩いて行かなくちゃ 今よりももっと輝くため  きっとこの涙も 笑顔に変わってゆく いつだって僕らは そう信じていた  君と寄り添って　いくつも乗り越えた 悲しみの夜を　僕は忘れない いつもそばにいて　支え合えた日々と 温かな君の笑顔にありがとう  ラララ…　僕は忘れない ラララ…　笑顔にありがとう ラララ…　ずっと忘れない ラララ…　君へのありがとう
2013,20,アーティスト別 CDシングル売上一覧,特集／年代流行,
2014,1,松たか子,レット・イット・ゴー～ありのままで～,降り始めた雪は　足跡消して 真っ白な世界に　ひとりのわたし 風が心にささやくの このままじゃ　ダメなんだと  とまどい　傷つき 誰にも　打ち明けずに　悩んでた それももう　やめよう  ありのままの　姿見せるのよ ありのままの　自分になるの 何も怖くない　風よ吹け 少しも寒くないわ  悩んでたことが　うそみたいね だってもう自由よ　なんでもできる どこまでやれるか 自分を試したいの そうよ変わるのよ　私  ありのままで　空へ風に乗って ありのままで　飛び出してみるの 二度と　涙は流さないわ  冷たく大地を包み込み 高く舞い上がる　想い描いて 花咲く氷の結晶のように 輝いていたい　もう決めたの  これでいいの　自分を好きになって これでいいの　自分信じて 光あびながら　歩きだそう 少しも寒くないわ
2014,2,秦基博,ひまわりの約束,どうして君が泣くの　まだ僕も泣いていないのに 自分より　悲しむから　つらいのがどっちか　わからなくなるよ  ガラクタだったはずの今日が　ふたりなら　宝物になる  そばにいたいよ　君のために出来ることが　僕にあるかな いつも君に　ずっと君に　笑っていてほしくて ひまわりのような　まっすぐなその優しさを　温もりを　全部 これからは僕も　届けていきたい　ここにある幸せに　気づいたから  遠くで　ともる未来　もしも　僕らが離れても それぞれ歩いていく　その先で　また　出会えると信じて  ちぐはぐだったはずの歩幅　ひとつのように　今　重なる  そばにいること　なにげないこの瞬間も　忘れはしないよ 旅立ちの日　手を振る時　笑顔でいられるように ひまわりのような　まっすぐなその優しさを　温もりを　全部 返したいけれど　君のことだから　もう充分だよって　きっと言うかな  そばにいたいよ　君のために出来ることが　僕にあるかな いつも君に　ずっと君に　笑っていてほしくて ひまわりのような　まっすぐなその優しさを　温もりを　全部 これからは僕も　届けていきたい　本当の幸せの意味を見つけたから
2014,3,One Direction,Story of My Life,
2014,4,Idina Menzel,レット・イット・ゴー,
2014,5,Pharrell Williams,Happy,
2014,6,西野カナ,Dariling,
2014,7,SPICY CHOCOLATE,ずっと feat.HAN-KUN & TEE,
2014,8,Rihwa,春風,"季節外れの桜の花に 寄り添うように差し込んだ木漏れ日 時に迷って　時に嘆いた 私の傍にはあなたが居たよね  Cause I love you あなたを守るよ Still, I turn to you 変わっていないの 聞きたい事話したい事がある たくさんあるんだよ 群青色に染まる冬は 瞬く星が囁いてる 聞こえたから聞こえていたから もう迷わないで行けるよ  見えないように紛らわしてた 紡ぐ言葉に意味なんて無かった 伸びてゆく影　刻む波音 必死に背を向けた どこにも行かないで  I'm missing you 触れたくなるの Always be true 愛しているよ 伝わるように伝えられるように ねぇ 想っているから 茜色に揺れる夕日が 心を強くしていたんだ 目を閉じれば春の風が吹く 振り返る帰り道  見透かされそうな大きな瞳 照れて顔を掻く仕草 寂しげな微笑み 大きくて優しい手 闇の中の光  永遠が無いのなら 私もここに居ないでしょう この気持ちはこの想いは 巡り続けるはずだよ  Cause I'm loving you あなたを守るよ Always be true 愛しているよ 今あなたに伝わりますように この胸の中でずっと 鮮やかに彩る景色が見えたの 息吹の香りにあなたを感じて 私は歩いて行くの"
2014,9,SEKAI NO OWARI,RPG,空は青く澄み渡り　海を目指して歩く 怖いものなんてない　僕らはもう一人じゃない  大切な何かが壊れたあの夜に 僕は星を探して一人で歩いていた ペルセウス座流星群　君も見てただろうか 僕は元気でやってるよ　君は今「ドコ」にいるの？  「方法」という悪魔にとり憑かれないで 「目的」という大事なものを思い出して  空は青く澄み渡り　海を目指して歩く 怖いものなんてない　僕らはもう一人じゃない 空は青く澄み渡り　海を目指して歩く 怖くても大丈夫　僕らはもう一人じゃない  大切な何かが壊れたあの夜に 僕は君を探して一人で歩いていた あの日から僕らは一人で海を目指す 「約束のあの場所で必ずまた逢おう。」と  「世間」という悪魔に惑わされないで 自分だけが決めた「答」を思い出して  空は青く澄み渡り　海を目指して歩く 怖いものなんてない　僕らはもう一人じゃない 空は青く澄み渡り　海を目指して歩く 怖くても大丈夫　僕らはもう一人じゃない  “煌めき”のような人生の中で 君に出逢えて僕は本当によかった  街を抜け海に出たら　次はどこを目指そうか 僕らはまた出かけよう　愛しいこの地球(せかい)を  空は青く澄み渡り　海を目指して歩く 怖いものなんてない　僕らはもう一人じゃない 空は青く澄み渡り　海を目指して歩く 怖くても大丈夫　僕らはもう一人じゃない
2014,10,神田沙也加、松たか子,生まれてはじめて,
2014,11,絢香,にじいろ,これからはじまるあなたの物語 ずっと長く道は続くよ にじいろの雨降り注げば 空は高鳴る  眩しい笑顔の奥に 悲しい音がする 寄りそって　今があって こんなにも愛おしい  手を繋げば温かいこと 嫌いになれば一人になってくこと ひとつひとつがあなたになる 道は続くよ  風が運ぶ希望の種 光が夢の蕾になる  なくしたものを数えて 瞳閉ざすよりも あるものを数えた方が 瞳輝きだす  あなたが笑えば誰かも笑うこと 乗り越えれば強くなること ひとつひとつがあなたになる 道は続くよ  La la la la la　la la la la…  これからはじまるあなたの物語 ずっと長く道は続くよ にじいろの雨降り注げば 空は高鳴る
2014,12,テイラー・スウィフト,We Are Never Ever Getting Back Together,
2014,13,ONE OK ROCK,Mighty Long Fall,When we met the pain stood still It was us  Then suddenly it's where'd you go？ The system blew I knew  This side of me I want a little more But inside it seems I'm just a little boy Nothing else  Don't go it's a mighty long fall When you thought love was the top Oh no it's a wake up call When your life went into shock It seems like gravity keeps pulling us back down Don't go it's a mighty long fall When you know time is up  嘘を一つ　愛を二つ それでなんとかやり過ごしてきたでしょ？ でもそれじゃもう僕をダマせないでしょ？ じゃどうする？どうしよ！  Don't go it's a mighty long fall When you thought love was the top Oh no it's a wake up call When your life went into shock 描きたがりな未来に明日はない いっそどうせ痛むなら傷め続けよう  Get up Get up Get up Get up Time to make amends for what you did Get up Get up Get up Get up Running with the demons in your head Let's shout it out completely You never really wanna know Let's shout it out we're screaming oh oh  Don't go it's a mighty long fall When you thought love was the top Oh no it's a wake up call When your life went into shock It seems like gravity keeps pulling us back down Don't go it's a mighty long fall When you know time is up
2014,14,シェネル,Happiness,嬉しいこと　悔しいこと 一番に伝えたいのに 空回りばかり　Oh  嬉しいとき　悔しいとき 探しもとめても見つからない キミもそうなの？  When you're sad in the dark すぐに分かるよ I'm not gonna give up tonight 不器用だけど　隣にいるよ　ずっと  I'm always gonna be with you　守りたいの 世界中で一番　キミのことが　大切なの 大好きすぎて　上手く言えないけど キミがいる　それだけでいい 'Cos　いつでも　You are my Happiness You are my Happiness  雪降る夜　星が流れ キミを思い浮かべ つよがりすぎないでね  この街の　きらめきたち どんな未来に繋がってるの？ ともに光へ  Make a wish for you and I Under the silent night キミの幸せが　叶うのならば 何度も　ワタシ　祈るよ  誰よりもキミを守りたいの 今日も明日もずっと　変わらないよ　It's never gonna change 大好きすぎて　上手く言えないけど キミがいて強くなれる 'Cos　いつでも　You are my Happiness  近くにいすぎて　気づけなかったけど Everyday　キミにね　救われてた ありがとう　Forever the love of my life  誰よりもキミを守りたいの You're my Happiness  I'm always gonna be with you　守りたいの 世界中で一番　キミのコトが　大切なの 大好きすぎて　上手く言えないけど キミがいる　それだけでいい 'Cos　いつでも　You're my… You're my Happiness  大好きよ　You're my Happiness
2014,15,アリアナ・グランデ,Problem （feat. Iggy Azalea）,
2014,16,AKB48,恋するフォーチュンクッキー,あなたのことが好きなのに 私にまるで興味ない 何度目かの失恋の準備 Yeah! Yeah! Yeah!  まわりを見れば大勢の 可愛いコたちがいるんだもん 地味な花は気づいてくれない Yeah! Yeah! Yeah!  カフェテリア流れるMusic ぼんやり聴いていたら 知らぬ間にリズムに合わせ つま先から動き出す 止められない今の気持ち カモン　カモン　カモン　カモン　ベイビー 占ってよ  恋するフォーチュンクッキー! 未来は そんな悪くないよ Hey! Hey! Hey! ツキを呼ぶには 笑顔を見せること ハートのフォーチュンクッキー 運勢 今日よりもよくしよう Hey! Hey! Hey! Hey! Hey! Hey! 人生捨てたもんじゃないよね あっと驚く奇跡が起きる あなたとどこかで愛し合える予感  あなたにちゃんと告(こく)りたい だけど自分に自信ない リアクションは想像つくから Yeah! Yeah! Yeah!  性格いいコがいいなんて 男の子は言うけど ルックスがアドヴァンテージ いつだって可愛いコが 人気投票1位になる プリーズ　プリーズ　プリーズ　オーベイビー 私も見て  恋するフォーチュンクッキー! その殻 さあ壊してみよう Hey! Hey! Hey! 先の展開 神様も知らない 涙のフォーチュンクッキー そんなに ネガティブにならずに Hey! Hey! Hey! Hey! Hey! Hey! 世界は愛で溢れているよ 悲しい出来事忘れさせる 明日は明日の風が吹くと思う  カモン　カモン　カモン　カモン　ベイビー 占ってよ  恋するフォーチュンクッキー! 未来は そんな悪くないよ Hey! Hey! Hey! ツキを呼ぶには 笑顔を見せること ハートのフォーチュンクッキー 運勢 今日よりもよくしよう Hey! Hey! Hey! Hey! Hey! Hey! 人生捨てたもんじゃないよね あっと驚く奇跡が起きる あなたとどこかで愛し合える予感
2014,17,安室奈美恵,TSUKI,どこかでこの月を見上げてるの? 少しさみしそうな顔で ささいな出来事にふと胸が痛んでも あなたらしく笑っていて  そう maybe someday 悲しみさえ はるか遠くへと  どんなに離れてても 抱きしめられなくても その胸に光ともしたい 変わらぬ愛をくれた 果てしない優しさを 今日もそっとそっと照らすから  今夜もこの月を見上げてるの? あたたかくて静かな目で 出来れば大切に思えるような人と あなたらしく笑っていて  そう maybe someday 悲しみさえ はるか遠くへと  見上げた空の上に 流れる風の中に いつも幸せあふれるよう 変わらぬ愛をくれた 果てしない優しさを 今日もそっとそっと照らすから  When you're down Don't you cry I'll be by your side Waiting for your smile for a while When you're down Don't you cry I'll be by your side I'll be waiting for your smile for a while  どんなに離れてても 抱きしめられなくても その胸に光ともしたい 見上げた空の上に 流れる風の中に いつも幸せあふれるよう 変わらぬ愛をくれた 愛しいその心を 今日もずっとずっと守るから  Baby そっとそっとその胸を ずっとずっと心から この愛で照らしたい Baby そっとそっとその胸を ずっとずっと心から この愛で守りたい Baby そっとそっとその胸を ずっとずっと心から この愛で照らしたい
2014,18, SEKAI NO OWARI,炎と森のカーニバル,
2014,19,椎名林檎,Nippon,万歳(Hurray)！万歳(Hurray)！日本晴れ　列島草いきれ　天晴 乾杯(Cheers)！乾杯(Cheers)！いざ出陣　我ら　時代の風雲児  さいはて目指して持って来たものは唯(たった)一つ この地球上で　いちばん 混じり気の無い気高い青 何よりも熱く静かな炎さ  鬨の声が聴こえている 気忙しく祝福している 今日までハレとケの往来に 蓄えた財産をさあ使うとき  爽快な気分だれも奪えないよ 広大な宇宙繋がって行くんだ 勝敗は多分そこで待っている そう　生命が裸になる場所で  ほんのつい先(さっき)考えて居たことがもう古くて 少しも抑えて居らんないの 身体まかせ　時を追い越せ 何よりも速く確かに今を蹴って  噫また不意に接近している淡い死の匂いで この瞬間がなお一層　鮮明に映えている 刻み込んでいる　あの世へ持って行くさ 至上の人生　至上の絶景  追い風が吹いている　もっと煽って唯(たった)今は この地球上で　いちばん 混じり気の無い我らの炎 何よりもただ青く燃え盛るのさ
2014,20, SEKAI NO OWARI,スノーマジックファンタジー,
2015,1,SEKAI NO OWARI,Dragon Night,今宵は百万年に一度太陽が沈んで夜が訪れる日 終わりの来ないような戦いも今宵は休戦して祝杯をあげる  人はそれぞれ「正義」があって、争い合うのは仕方ないのかも知れない だけど僕の嫌いな「彼」も彼なりの理由があるとおもうんだ  ドラゴンナイト　今宵、僕たちは友達のように歌うだろう ムーンライト、スターリースカイ、ファイアーバード 今宵、僕たちは友達のように踊るんだ  今宵は百万年に一度太陽が夜に遊びに訪れる日 終わりの来ないような戦いも今宵は休戦の証の炎をともす  人はそれぞれ「正義」があって、争い合うのは仕方ないのかも知れない だけど僕の「正義」がきっと彼を傷付けていたんだね  ドラゴンナイト　今宵、僕たちは友達のように歌うだろう コングラッチュレイション、グラッチュレイション、グラッチュレイション 今宵、僕たちの戦いは「終わる」んだ  ドラゴンナイト　今宵、僕たちは友達のように歌うだろう ムーンライト、スターリースカイ、ファイアーバード 今宵、僕たちは友達のように踊るんだ
2015,2,三代目 J Soul Brothers from EXILE TRIBE,R.Y.U.S.E.I.,
2015,3,TAYLOR SWIFT,SHAKE IT OFF,
2015,4,CARLY RAE JEPSEN,I REALLY LIKE YOU,
2015,5,UNISON SQUARE GARDEN,シュガーソングとビターステップ,超天変地異みたいな狂騒にも慣れて　こんな日常を平和と見間違う rambling coaster揺さぶられながら　見失えないものは何だ？  平等性原理主義の概念に飲まれて　心までがまるでエトセトラ 大嫌い　大好き　ちゃんと喋らなきゃ　人形とさして変わらないし  宵街を行く人だかりは　嬉しそうだったり　寂しそうだったり コントラストが五線譜を飛び回り　歌とリズムになる  ママレード＆シュガーソング、ピーナッツ＆ビターステップ 甘くて苦くて目が回りそうです 南南西を目指してパーティを続けよう　世界中を驚かせてしまう夜になる I feel 上々　連鎖になってリフレクト  蓋然性合理主義の正論に揉まれて　僕らの音楽は道具に成り下がる？ こっちを向いてよ　背を向けないでよ　それは正論にならないけど  祭囃子のその後で　昂ったままの人　泣き出してしまう人 多分同じだろう　でも言葉にしようものなら稚拙が極まれり  最高だってシュガーソング　幸せってビターステップ 死ねない理由をそこに映し出せ 惜しがったって等速で明日は来ちゃうけど 脳内天気予報のアップデートを果たしたなら  someday 狂騒が息を潜めても someday 正論に意味がなくなっても feeling song &amp; step 鳴らし続けることだけが 僕たちを僕たちたらしめる証明になる、QED！  ママレード＆シュガーソング、ピーナッツ＆ビターステップ 生きてく理由をそこに映し出せ 北北東は後方へ　その距離が誇らしい  世界中を、驚かせ続けよう。  ママレード＆シュガーソング、ピーナッツ＆ビターステップ 甘くて苦くて目が回りそうです 南南西を目指してパーティを続けよう　世界中を驚かせてしまう夜になる I feel 上々　連鎖になってリフレクション goes on 一興去って一難去ってまた一興
2015,6,家入レオ,君がくれた夏,"君の描いた　未来の中に 僕はいない　その時代もない まだ少しだけ　傷を抱えたふたりは 夢の続き探してた  思うままに　色付いてくと思ってた 答えなんか　見つけられずに それでもこの世界　廻り続けて  君がくれた夏　その奇跡　僕は忘れない oh　溢れそうな想い　あの夕日に隠して so, why... 気づいていた true love　true love  時の隙間に　流れ込む風 教室の　その片隅で 揺れる前髪　ただ見とれていた僕は 君に　恋をしたんだよ  まるで空を　歩いてるみたいな日々 当たり前に　そばにいたこと 未来なんていつもそう　疑いもせず  君がいた夏に　この気持ち　うまく言えなくて oh　ふたつの心は　何故に離れていくの？ so, why... 届かなくて  愛情の罠だって　気づいた時は遅すぎて 捻れた感情は　光求め彷徨う  叶わない願い　置き去りのままで  君がくれた夏　その奇跡　僕は忘れない oh　溢れそうな想い　あの夕日に隠して so, why... 気づいていた true love　true love"
2015,7,西野カナ,もしも運命の人がいるのなら,一分一秒　今この瞬間も 世界のどこかで誰かがきっと 恋に落ちてく　結ばれていく たったひとりの運命の人と  かっこよくて　爽やかで 私よりも背が高くて 笑顔が素敵で Ah キリがない理想　結局は 「好きになった人がタイプ」 そういうもんでしょ  それでも昔から 好きな人には好かれないし いいなと思った人は 恋人がいるわ  もしも運命の人がいるのなら 運命の出会いがあるなら あなたはいったい どこで寄り道しているのかしら？ もしかしたらすぐ近くにいる？ それとも遥か海の向こう？ いつかあなたが迎えに来てくれる その日まで待っているから  やっぱり優しい人がいい もちろんそれはそうだけど 優しいだけじゃ Ah 「俺についてこい」と言われても 黙ってはついて行けないし これってワガママかな？  中身が大事だって 初対面じゃ分からないし 勢いも大事だって 妥協もできないわ  もしも運命の人がいるのなら 運命の出会いがあるなら あなたはいったい いつになれば辿り着くのかしら？ 占いでは昨日のはずだけど 明日か明後日か来年かな？ いつかあなたが迎えに来てくれる その日まで待っているから  一分一秒　今この瞬間も 運命のその時に近づいてる 夢を見ている　いつかあなたと たったひとりの運命の人と  もしも運命の人がいるのなら 運命の出会いがあるなら あなたはいったい どこで寄り道しているのかしら？ 私ならずっとここにいるよ そろそろ待ちくたびれる頃 風のうわさではまた誰かが 運命の人に出逢ったみたい あなたが迎えに来てくれる その日まで　やっぱり…　待てないわ
2015,8,ゲスの極み乙女。,私以外私じゃないの,私以外私じゃないの  冴えない顔で泣いちゃった夜を重ねて 絶え間のない暮らしを今日も重ねた 良くなりそうな明日に期待する度に 何度も今日を鏡台の裏に隠した 映る私は何回も瞬きしては 変わる心に簡単に動揺したわ だけど意外と目を瞑った瞬間に 悪くないなって思いながら明日を悟ったんだ  私以外私じゃないの 当たり前だけどね だから報われない気持ちも整理して 生きていたいの 普通でしょう？  殻を破った気になってる誰かの声がしたけど 殻にこもったはずだった私はもうそこにはいない 私になってみてよ、ねえ 私になってみたいんでしょ？ 声にならない言葉で自分が煙に巻かれた  恥ずかしくて言えないけど 私にしか守れないものを 身を削って紡いだら 案外さ、悪くないかもよ  私以外私じゃないの 当たり前だけどね だから報われない気持ちも整理して 生きていたいと思うのよ 私以外私じゃないの 誰も替われないわ 今日を取り出して逃げないようにして 明日に投げ込んで目を開けたんだ  私以外私じゃないの どうやらあなたもそう 誰も替われないってことみたいね 背を向けて言い合った だから私はもう怖くないんだ 夜更け過ぎを待つわ 今日も報われない気持ちを整理して生きてたいって思うの 息を吸い込んだ
2015,9,秦 基博,ひまわりの約束,
2015,10,西野カナ,トリセツ,この度はこんな私を選んでくれてどうもありがとう。 ご使用の前にこの取扱説明書をよく読んで ずっと正しく優しく扱ってね。 一点物につき返品交換は受け付けません。 ご了承ください。  急に不機嫌になることがあります。 理由を聞いても 答えないくせに放っとくと怒ります。 いつもごめんね。 でもそんな時は懲りずに とことん付き合ってあげましょう。  定期的に褒めると長持ちします。 爪がキレイとか 小さな変化にも気づいてあげましょう。 ちゃんと見ていて。 でも太ったとか 余計なことは気付かなくていいからね。  もしも少し古くなってきて 目移りする時は ふたりが初めて出逢った あの日を思い出してね。  これからもどうぞよろしくね。 こんな私だけど笑って許してね。 ずっと大切にしてね。 永久保証の私だから。  意外と一輪の花にもキュンとします。 何でも無い日の ちょっとしたプレゼントが効果的です。 センスは大事。 でも短くても下手でも 手紙が一番嬉しいものよ。  もしも涙に濡れてしまったら 優しく拭き取って ギュッと強く抱きしめて あなたにしか直せないから。  これからもどうぞよろしくね。 こんな私だけど笑って頷いて。 ずっと大切にしてね。 永久保証の私だから。  たまには旅行にも連れてって 記念日にはオシャレなディナーを 柄じゃないと言わず カッコよくエスコートして 広い心と深い愛で 全部受け止めて  これからもどうぞよろしくね。 こんな私だけど笑って許してね。 ずっと大切にしてね。 永久保証の私だから。
2015,11,chay,あなたに恋をしてみました,あなたに恋をしてみました 何でも出来そうな　ああ　力が湧くのは ああ　それは　ああ　それは　恋の魔法ね  どうして　こんなに早く 運命の人に　会わせるの？ 恋は　練習不足で 神様は　意地悪ね  今日はハイヒール お洒落したのに　空回りしてく 絶体絶命！　会話も弾まない  あなたに恋をしてみました 初めて会った日から　何か違う トキメキを　感じていたの あなたに恋を始めました 何でも出来そうな　ああ　力が湧くのは ああ　それは　ああ　それは　恋の魔法ね  どうしよう　噂できいた 元カノと　私は正反対 “好きになった子がタイプ” よく聞くし　頑張るわ  不思議 さりげない一言だけで 振り回されてる どうかしてるわ　私じゃないみたい  あなたに恋をしてみました 何も手につかない　こんな気持ち 初めてで　ドキドキするわ あなたに恋を始めました すこし疲れるけど ああ　解けないで欲しい ああ　これが　ああ　これが　恋の魔法ね  あなたに恋をしてみました 初めて会った日から　何か違う トキメキを　感じていたの あなたに恋を始めました 何でも出来そうな ああ　力が湧くのは ああ　それは　ああ　それは　恋の魔法ね ああ　これが　ああ　これが　恋の魔法ね
2015,12,WIZ KHALIFA,SEE YOU AGAIN feat.CHARLIE PUTH,
2015,13,back number,ヒロイン,君の毎日に　僕は似合わないかな 白い空から　雪が落ちた 別にいいさと　吐き出したため息が 少し残って　寂しそうに消えた  君の街にも　降っているかな ああ今隣で  雪が綺麗と笑うのは君がいい でも寒いねって嬉しそうなのも 転びそうになって掴んだ手のその先で ありがとうって楽しそうなのも それも君がいい  気付けば辺りは　ほとんどが白く染まって 散らかってた事　忘れてしまいそう 意外と積もったねと　メールを送ろうとして 打ちかけのまま　ポケットに入れた  好まれるような　強く優しい僕に 変われないかな  雪が綺麗と笑うのは君がいい 出しかけた答え胸が痛くて 渡し方もどこに捨てればいいかも分からずに 君から見えてる景色に ただ怯えているんだ  思えばどんな映画を観たって どんな小説や音楽だって そのヒロインに重ねてしまうのは君だよ 行ってみたい遠い場所で見たい夜空も 隣に描くのはいつでも  見慣れたはずの　街がこんなにも 馬鹿だなぁ僕は  君の街に白い雪が降った時 君は誰に会いたくなるんだろう 雪が綺麗だねって誰に言いたくなるんだろう 僕は　やっぱり僕は  雪が綺麗と笑うのは君がいい でも寒いねって嬉しそうなのも 転びそうになって掴んだ手のその先で ありがとうって楽しそうなのも 全部君がいい
2015,14,クマムシ,あったかいんだからぁ♪,特別なスープをあなたにあげる あったかいんだからぁ♪ 瞳の奥にあるわたしの大きな野望  ワクワクのリズムをあなたにあげる あったかいんだからぁ♪ いつまでもこのままワクワクさせていてね  先輩上司社長に頭なでられた あったかいんだからぁ♪ お返しは“キラキラハピネスぎゃんかわスマイル”  また会おうねってつないだこの手と手が あったかいんだからぁ♪ いつまでもこのまま離してあげないのよ  みんなが思ってるわたしの可愛さYES！ 止まらないんだからぁ♪ いつまでもこのままわたしを楽しませて  お風呂上がりのアイスの最初の一口…  わたしのスパイスであったかくしてあげる 愛をスススス恋をスススス  摩擦で指先あったかいんだからぁ♪ 涙があふれて手のひらに落ちたよあったかいんだからぁ♪ いつまでも泣いてちゃワクワクできないでしょ  特別なスープをあなたにあげる あったかいんだからぁ♪ 瞳に映ってるあなたと過ごす時間 あったかいんだからぁ♪
2015,15,Superfly,Beautiful,遠くに伸びる影　夜の波が消した 涙を流したなんて　気づかれないまま  心を捨てるなら　傷付く方がマシさ 冷たい風を切って　逃げるように走る  いつかこの雫は　宝石になるのでしょう 美しい心に生まれ変わる　そう信じて  世界で一つの　輝く光になれ 私でいい 私を信じてゆくのさ 遠回りしても　守るべき道を行け 私でいい 私の歩幅で生きてくのさ  誰かをうらやむのは　避けられない心情？ 誰かをゆるすのは　難しい心情？  ないものを探せば　数えきれないけれど ゆっくり愛してみよう　私というこの命を  世界で一つの　輝く光になれ 明かりのない 明日を迎えたとしても 悲しみの先に　孤独が押し寄せても 息をしてる 今日も息をして　生きている  世界で一つの　私に幸あれ 涙に幸あれ　明日に幸あれ  世界で一つの　輝く光になれ 泣いてもいい 私を歩いてゆくのさ 涙は頬を　流れる星のようさ 私になれ 私を叶えて生きてくのさ  いつの日も いつの日も
2015,16,西野カナ,Darling,ねぇ Darling　ねぇ Darling またテレビつけたままで スヤスヤ　どんな夢見てるの？ ねぇ Darling　脱ぎっぱなし 靴下も裏返しで もー、誰が片づけるの？  いつか友達と語り合った 理想の人と まるでかけ離れてるのに  Ah　なんで好きになっちゃったのかなぁ 私って少し変わり者なのね Ah　こんなにも放っておけない人は 星の数ほどいる中で　ねぇ Darling あなたしかいない  ねぇ Dariling　どっちがいい？ このスカートとワンピース あー、今あくびしてたでしょ ねぇ早く 出かけよう 待って！携帯忘れたかも あー、今ため息ついたでしょ？  いつか聞いたあなたの好きな 女優さんとは 似ても似つかないのに私  Ah　なんで好きになっちゃったのかなぁ あなたってほんと変わり者なのね Ah　こんなにもワガママ言える人は 星の数ほどいる中で　ねぇ Darling あなたしかいない  そう　きっとこんな毎日が 幸せなのかな 嫌よ嫌よも好きのうちかな 今日もあなたの 抜け殻を全部集めなきゃ 毎度毎度お騒がせしちゃう お出かけの前も 懲りずに付き合ってね  Ah　なんで好きになっちゃったのかなぁ  Ah　だって好きになっちゃったんだから 変わり者同士うまくやってこうよ Ah　ずっとずっとそばにいてほしい人は 星の数ほどいる中で　ねぇ Darling あなたしかいない
2015,17,椎名林檎,長く短い祭,天上天下繋ぐ花火哉 万代と刹那の出会ひ 忘るまじ我らの夏を  場違ひに冷え切つた体を 人熱に放つて流し流され 思へば遠くへ来たものだ  人生なんて飽く気ないね まして若さはあつちう間 今宵全員が魁、一枚目よ  皆銘々取りゞの衣裳 奔放な命を被ふ化粧 隠すまじ我らは夏よ  何か知ら落ち込むだ心は 人熱彷徨つて流し流され 思へば遠くへ来たものだ  永遠なんて素気ないね ほんの仮初めが好いね 愈々宴も酣、本番です  皆銘々選り取り全方位 獰猛な命燃やす匂ひ 臆すまじ我らは夏よ  一寸女盛りを如何しやう この侭ぢや行き場がない 花盛り色盛り真盛りまだ  丁度大輪の枝垂れ柳 蘇るひと世の走馬灯 逃すまじ我らの夏を  一寸女盛りを如何しやう この侭ぢやまだ終れない 花盛り色盛り真盛りまだ
2015,18,絢香,にじいろ,これからはじまるあなたの物語 ずっと長く道は続くよ にじいろの雨降り注げば 空は高鳴る  眩しい笑顔の奥に 悲しい音がする 寄りそって　今があって こんなにも愛おしい  手を繋げば温かいこと 嫌いになれば一人になってくこと ひとつひとつがあなたになる 道は続くよ  風が運ぶ希望の種 光が夢の蕾になる  なくしたものを数えて 瞳閉ざすよりも あるものを数えた方が 瞳輝きだす  あなたが笑えば誰かも笑うこと 乗り越えれば強くなること ひとつひとつがあなたになる 道は続くよ  La la la la la　la la la la…  これからはじまるあなたの物語 ずっと長く道は続くよ にじいろの雨降り注げば 空は高鳴る
2015,19,三代目 J Soul Brothers from EXILE TRIBE,Summer Madness,
2015,20,miwa,夜空。feat.ハジ→,
2016,1,浦島太郎(桐谷健太),海の声,空の声が　聞きたくて 風の声に　耳すませ 海の声が　知りたくて 君の声を　探してる  会えない　そう思うほどに 会いたい　が大きくなってゆく 川のつぶやき　山のささやき 君の声のように　感じるんだ  目を閉じれば　聞こえてくる 君のコロコロした　笑い声 声に出せば　届きそうで　今日も　歌ってる 海の声にのせて  空の声が　聞きたくて 風の声に　耳すませ 海の声が　知りたくて 君の声を　探してる  たとえ僕が　おじいさんになっても　ここで　歌ってる 君だけを想って  海の声よ　風の声よ 空の声よ　太陽の声よ 川の声よ　山の声よ 僕の声を　乗せてゆけ
2016,2,AKB48,365日の紙飛行機,朝の空を見上げて 今日という一日が 笑顔でいられるように そっとお願いした  時には雨も降って 涙も溢れるけど 思い通りにならない日は 明日　頑張ろう  ずっと見てる夢は 私がもう一人いて やりたいこと　好きなように 自由にできる夢  人生は紙飛行機 願い乗せて飛んで行くよ 風の中を力の限り ただ進むだけ その距離を競うより どう飛んだか　どこを飛んだのか それが一番　大切なんだ さあ　心のままに 365日  星はいくつ見えるか 何も見えない夜か 元気が出ない　そんな時は 誰かと話そう  人は思うよりも 一人ぼっちじゃないんだ すぐそばのやさしさに 気づかずにいるだけ  人生は紙飛行機 愛を乗せて飛んでいるよ 自信持って広げる羽根を みんなが見上げる 折り方を知らなくても いつのまにか飛ばせるようになる それが希望　推進力だ ああ　楽しくやろう 365日  人生は紙飛行機 願い乗せて飛んで行くよ 風の中を力の限り ただ進むだけ その距離を競うより どう飛んだか　どこを飛んだのか それが一番　大切なんだ さあ　心のままに 365日  飛んで行け！ 飛んでみよう！ 飛んで行け！ 飛んでみよう！ 飛んで行け！ 飛んでみよう！
2016,3,RADWIMPS,前前前世 (movie ver.),やっと眼を覚ましたかい　それなのになぜ眼も合わせやしないんだい？ 「遅いよ」と怒る君　これでもやれるだけ飛ばしてきたんだよ  心が身体を追い越してきたんだよ  君の髪や瞳だけで胸が痛いよ 同じ時を吸いこんで離したくないよ 遥か昔から知る　その声に 生まれてはじめて　何を言えばいい？  君の前前前世から僕は　君を探しはじめたよ そのぶきっちょな笑い方をめがけて　やってきたんだよ  君が全然全部なくなって　チリヂリになったって もう迷わない　また１から探しはじめるさ むしろ０から　また宇宙をはじめてみようか  どっから話すかな　君が眠っていた間のストーリー 何億　何光年分の物語を語りにきたんだよ　けどいざその姿この眼に映すと  君も知らぬ君とジャレて　戯れたいよ 君の消えぬ痛みまで愛してみたいよ 銀河何個分かの　果てに出逢えた その手を壊さずに　どう握ったならいい？  君の前前前世から僕は　君を探しはじめたよ その騒がしい声と涙をめがけ　やってきたんだよ  そんな革命前夜の僕らを誰が止めるというんだろう もう迷わない　君のハートに旗を立てるよ 君は僕から諦め方を　奪い取ったの  前前前世から僕は　君を探しはじめたよ そのぶきっちょな笑い方をめがけて　やってきたんだよ  君が全然全部なくなって　チリヂリになったって もう迷わない　また１から探しはじめるさ 何光年でも　この歌を口ずさみながら
2016,4,RADIO FISH,PERFECT HUMAN,"彼は言った世界は必ずしもみんな平等とは限らない 彼は言った世の中には絶対勝者と敗者が存在する 彼は言ったその勝者の頂点が自分自身そうTop of the world 彼が法であり秩序保たれるすぐさまなくなる世界のWar 時は来た彼こそ真の支配者 彼の前にひざまずくのは敗者 感謝の言葉彼に乱射 賢者　識者　かけろ拍車 民共崇める準備はいいか？ 自分を高める運気欲しいか？ さあみんな手を天にかかげそして今こそ祈れ 恐れるな　おののくな 吠えろ(hey)　声あげろ(ho) その血と魂を今ささげろ 「I'm a perfect human.」 na,ka,ta,nakata　na,ka,ta,nakata na,ka,ta,nakata 「I'm a perfect human.」 We live in Tokyo. na,ka,ta,nakata 「I'm a perfect human.」 We believe in new God na,ka,ta,nakata 「I'm a perfect human.」  大地パッカーン海もパッカーン 気取ってるモーゼとかいうやつもパッカーン そんなに褒めるのやめてくれよ ペコペコすんなよおいナポレオン キングならそう歴史くつがえす 彼こそすなわちTop of the world. A to the T to the S to the U. H to the I to the K to the O. ありがたきこの名を呼んでみよう A TSU HI KO Say天才！(天才！)　まさに天才！(天才！)　Say天才！(天才！) まさに天才！(天才！)　Say天才！(天才！)　もっともっと叫べー！ 恐れるな　おののくな 吠えろ(hey)　声あげろ(ho) その血と魂を今ささげろ 「I'm a perfect human.」  na,ka,ta,nakata　na,ka,ta,nakata na,ka,ta,nakata 「I'm a perfect human.」 We live in Tokyo. na,ka,ta,nakata 「I'm a perfect human.」 We believe in new God na,ka,ta,nakata 「I'm a perfect human.」 na,ka,ta,nakata　na,ka,ta,nakata na,ka,ta,nakata 「I'm a perfect human.」 na,ka,ta,nakata　na,ka,ta,nakata na,ka,ta,nakata 「I'm a perfect human.」"
2016,5,back number,クリスマスソング,どこかで鐘が鳴って らしくない言葉が浮かんで 寒さが心地よくて あれ　なんで恋なんかしてんだろう  聖夜だなんだと繰り返す歌と わざとらしくきらめく街のせいかな  会いたいと思う回数が 会えないと痛いこの胸が 君の事どう思うか教えようとしてる いいよ　そんな事自分で分かってるよ サンタとやらに頼んでも仕方ないよなぁ  できれば横にいて欲しくて どこにも行って欲しくなくて 僕の事だけをずっと考えていて欲しい でもこんな事を伝えたら格好悪いし 長くなるだけだからまとめるよ 君が好きだ  はしゃぐ恋人達は トナカイのツノなんか生やして よく人前で出来るなぁ いや　羨ましくなんてないけど  君が喜ぶプレゼントってなんだろう 僕だけがあげられるものってなんだろう  大好きだと言った返事が 思ってたのとは違っても それだけで嫌いになんてなれやしないから 星に願いをなんてさ　柄じゃないけど 結局君じゃないと嫌なんだって 見上げてるんだ  あの時君に 出会って　ただそれだけで 自分も知らなかった自分が次から次に  会いたいと毎日思ってて それを君に知って欲しくて すれ違う人混みに君を探している こんな日は他の誰かと笑ってるかな 胸の奥の奥が苦しくなる  できれば横にいて欲しくて どこにも行って欲しくなくて 僕の事だけをずっと考えていて欲しい やっぱりこんな事伝えたら格好悪いし 長くなるだけだからまとめるよ 君が好きだ  聞こえるまで何度だって言うよ 君が好きだ
2016,6,星野 源,恋,
2016,7,西野 カナ,トリセツ,
2016,8,宇多田ヒカル,花束を君に,普段からメイクしない君が薄化粧した朝 始まりと終わりの狭間で 忘れぬ約束した  花束を君に贈ろう 愛しい人　愛しい人 どんな言葉並べても 真実にはならないから 今日は贈ろう　涙色の花束を君に  毎日の人知れぬ苦労や淋しみも無く ただ楽しいことばかりだったら 愛なんて知らずに済んだのにな  花束を君に贈ろう 言いたいこと　言いたいこと きっと山ほどあるけど 神様しか知らないまま 今日は贈ろう　涙色の花束を君に  両手でも抱えきれない 眩い風景の数々をありがとう  世界中が雨の日も 君の笑顔が僕の太陽だったよ 今は伝わらなくても 真実には変わりないさ 抱きしめてよ、たった一度　さよならの前に  花束を君に贈ろう 愛しい人　愛しい人 どんな言葉並べても 君を讃えるには足りないから 今日は贈ろう　涙色の花束を君に
2016,9,ONE OK ROCK,Wherever you are,"I'm telling you I softly whisper Tonight tonight You are my angel  愛してるよ 2人は一つに Tonight tonight I just say…  Wherever you are, I always make you smile Wherever you are, I'm always by your side Whatever you say, 君を思う気持ち I promise you“forever”right now  I don't need a reason I just want you baby Alright alright Day after day  この先長いことずっと どうかこんな僕とずっと 死ぬまで　Stay with me We carry on…  Wherever you are, I always make you smile Wherever you are, I'm always by your side Whatever you say, 君を思う気持ち I promise you“forever”right now  Wherever you are, I never make you cry Wherever you are, I'never say goodbye Whatever you say, 君を思う気持ち I promise you“forever”right now  僕らが出逢った日は2人にとって一番目の記念すべき日だね そして今日という日は2人にとって二番目の記念すべき日だね  心から愛せる人 心から愛しい人 この僕の愛の真ん中にはいつも心(きみ)がいるから  Wherever you are, I always make you smile Wherever you are, I'm always by your side Whatever you say, 君を思う気持ち I promise you“forever”right now"
2016,10,星野 源,SUN,
2016,11,安室奈美恵,Hero,I'll be your hero I'll be your hero  いろんな色で染まる　世界で一人で  振り向かなくてもいい 今までの君のまま進めばいいから あきらめないで everyday  君だけのための hero どんな日もそばにいるよ Oh Oh... I'll be your hero 君だけのための hero  強くなれる訳は　大切な人が  常に笑顔で支えてくれた だから乗り越えられる 険しい道のりも  君と交わした　約束の場所 たどりついてみせる いつか必ず forevermore  君だけのための hero どんな日もそばにいるよ Oh Oh... I'll be your hero Oh Oh... And you are my hero  響く声に　そっと耳傾ければ  離れていても　みんなの想いが 今まで私の背中を押してくれたよね  君だけのための hero どんな日もそばにいるよ Oh Oh... I'll be your hero Oh Oh... And you are my hero  どこまでも すべて君のために走る 永遠に 輝くあの星のように  君だけのための hero 限りなく遠い道も 君とならどこまでも 夢つかむまできっと  君だけのための hero いつまでもそばにいるよ 君だけのための hero 君だけのための hero Oh Oh... I'll be your hero Oh Oh... And you are my hero  Oh Oh... I'll be your hero Oh Oh... I'll be your hero
2016,12,コブクロ,未来,僕が夢を忘れそうな時　君の涙で思い出す 何の為に歩いてきたのか　何度でも教えてくれる 土手に垂れた　二度目の春を　連れて歩いた　片恋風 君といつか　同じ枝の上　並んで咲いてみたい  時々　切ない瞳で笑うのは まだ　見せられない心があるんだね  こんなにか細く　折れそうな 枝の先にも　君の未来が生まれてる 未だ見ぬ日々を　切り落とさないで 今を笑って　振り返る　君を守りたい  君が　心折れそうな時　この肩にもたれてくれたら 抱えていた　大きな荷物も　大切に運ぶから  僕の明日には　いつでも　君がいて どんな迷いも鎮める　風になる  このまま好きでいれるのなら 想いは届けぬままでいいと 結ばれぬまま　解けもしない 心深くに　身を知る雨  こんなにか細く　折れそうな 枝の先にも　君の未来が生まれてる 未だ見ぬ日々を　切り落とさないで 今を笑って　振り返る　君を守りたい 心深くに　身を知る雨　抱きしめる そばにいたいから そばにいたいから
2016,13,安室奈美恵,Mint,"Day and night　そう片時も 渡せない no no　誰にも You know I'm watching every breath you take, move you make  捨てるわプライド　ありったけの 仕方ない　もうどうなっても You know I hate that I love you wherever you are, near or far  瞳は straight at me Cannot fight　カラダが freeze Let me taste your lips now please  見つめられたら最後 離れられないの He's mint He's mint 冷た目の態度 それすらも最高 He's mint He's mint Don't you break my heart　お願い その笑顔 chocolate chip もっと wanna taste it 欲しいのは愛よ 溺れてたいの He's mint He's mint  耐えがたい　不安も後悔も 絶え間ない　快楽への回路 You blow my mind babe, you just turn me on, on and on  瞳は straight at me Cannot fight　カラダが freeze Let me taste your lips now please  抱きしめたら最後 息も出来ないの He's mint He's mint 何もかも最上 好きすぎる I know He's mint He's mint Don't you break my heart　お願い その声は honey milk もっと wanna drink it 浴びるほど愛を とろけてたいの He's mint He's mint  見つめられたら最後 離れられないの He's mint He's mint 冷た目の態度 それすらも最高 He's mint He's mint Don't you break my heart　お願い その笑顔 chocolate chip もっと wanna taste it 欲しいのは愛よ 溺れてたいの He's mint He's mint"
2016,14,JY,好きな人がいること,もし　5分前に戻れるなら　何をしますか？ 私はさっきの返事もう一度したい どうしてあんなにそっけなくスルーしちゃったの？ あなたの前だと　なんだかうまくいかない  人生は後悔ばかり でも泣いて笑って少しずつ進むの  もし　5分前に戻れるなら　素直でいよう あなたのそばにいたくなるそんな日でした  ねえ　時間は巻き戻せないけど 何度も何度もやり直せばいいよね 今夜は涙で溢れても 明日笑えればいいじゃない 優しいその手に触れるまで ずっとあなたの夢を見てる 今夜はおやすみ　目を閉じるよ  lululu…  もし　出会ったあの日に戻れるなら　何をしますか？ もう少し優しい顔で　笑おうかな そして目があったら　もっと笑おうかな それならきっと最初(はじめ)から　うまくいったのに でも　人生は　奇跡の組み合わせ 一つでも違えば何もかも変わっちゃうの  もし　出会ったあの日に戻れるなら　何をしますか？ やっぱりわたしはあのまま　変わらなくていい  ねえ　時間は巻き戻せないけど 何度も何度もやり直せばいいよね 明日同じ場所を歩けば 隣で笑ってくれますか？ 優しいその手に触れるまで ずっとあなたの夢を見てる ありがとう　おやすみ じゃあ　また　明日ね  もう　5分前に戻れなくても　素直に聞こう あなたは好きな人がいるのですか？  ねえ　あなたに恋しちゃ駄目ですか？ 今から友達以上になれますか？ わたしこのままでいいですか？ 隣で笑ってくれますか？ 好きな人がいること　なんて 苦くて　甘くて　切ないよ 今夜はおやすみ　目を閉じるよ  lululu…
2016,15,藤原さくら,Soup,年を取っても 皴になっても 一緒にいて 恋のSoupを ふたりで味わいつくしましょう  ねぇ　あなたとわたし それぞれの当たり前を ねぇ　恋という名の ひとつのお鍋に詰め込んで煮込んだら どうなるの？  甘さだったり 苦さだったり 時間をかけて 味になってく 複雑で摩訶不思議です  でもそれがまた 癖になっちゃう もう止まらない 恋のSoupを 辛抱強くじっくり煮込みましょう  バラバラの好き嫌い 別々の趣味嗜好を 人生という名の 一艘の小舟に積み込んで旅立つ その海は  波が立ったり 雨が降ったり 晴れ渡ったり 嵐だったり それこそが『生活』ですよね  腹が立ったり 喧嘩だったり 正直言えば たまに嫌いになったりとかしてます ごめんなさい…  でも手間暇かかったそれだけ 美味しくなるのかも　恋も人生も  ほんのちょっとの 嫉妬だったり ほんのちょっとの 秘密だったり 逆にそれもふたりのスパイス  年を取っても 皴になっても 一緒にいて 恋のSoupを ふたりで味わいつくしましょう  では　本日のSoupを
2016,16,AI,みんながみんな英雄,特別じゃない　英雄じゃない みんなの上には空がある  雨の日もある　風の日もある たまに晴れたらまるもうけ  振り向けば　君がいる 前向けば　友がいる 走って　転んで　寝そべって あたらしい明日が待っている  悩んでは　忘れて 忘れては　悩んで あした　あさって　しあさって あたらしい未来がやってくる  いいことがない　うまくいかない それでもお腹はへってくる  向かい風でも　つむじ風でも 寝転んでしまえばそよ風  空見れば　星がある 夢見れば　虹がでる 誰も　彼も　どんな人も あたらしい世界をもっている  走っては　休んで 休んでは　休んで 泣いて　笑って　飯食って あたらしい自分になってゆく  振り向けば　君がいる 前向けば　友がいる 走って　転んで　寝そべって あたらしい明日が待っている  悩んでは　忘れて 忘れては　悩んで あした　あさって　しあさって あたらしい未来がやってくる  ラランララン… ラランララン…  特別じゃない　英雄じゃない みんなの上には空がある  雨の日もある　風の日もある たまに晴れたらまるもうけ
2016,17,ケツメイシ,友よ ～ この先もずっと…,
2016,18,手嶌 葵,明日への手紙(ドラマバージョン),
2016,19,Flower,やさしさで溢れるように,目が覚めればいつも　変わらない景色の中にいて 大切なことさえ　見えなくなってしまうよ  生きてる意味も　その喜びも　あなたが教えてくれたことで 「大丈夫かも」って言える気がするよ 今すぐ逢いたい　その笑顔に  あなたを包むすべてが　やさしさで溢れるように わたしは強く迷わず　あなたを愛し続けるよ どんなときも　そばにいるよ  当たり前の事は　いつでも忘れ去られがちで 息継ぎも忘れて　時間だけを食べてゆく  花の名前も　空の広さも　あなたが教えてくれたことで 愛と呼べるもの　分かった気がする　せわしなく進む　時の中で  わたしの生きる世界が　光で満たされるように あなたの生きる時間を　わたしが輝かせるから 離れていても　そばにいるよ  雨に打たれても　風に吹かれても　寒さを感じない　今は ぬくもりはいつも　この胸の中に　決して失くさないよ　ありがとう  巡る季節の中でも　この手を離さないでいて 二人を繋ぐ想いが　決して色あせないように あなたを包むすべてが　やさしさで溢れるように わたしは強く迷わず　あなたを愛し続けるよ どんなときも　そばにいるよ  離れていても　そばにいるよ
2016,20,Perfume,FLASH,花の色が　変われるほどの 永い時の密度に近くて フレームは一瞬　スローモーションで 一直線　光裂くように  空気を揺らせ　鼓動を鳴らせ 静かな夜に今　火をつけるの 恋ともぜんぜん　違うエモーション ホントに　それだけなの  火花のように　FLASH　光る 最高のLightning Game 鳴らした音も置き去りにして FLASH　超える 最高のLightning Speed 速い時の中で　ちはやぶる FLASH　光る 最高のLightning Game かざした手を弓矢に変えて FLASH　超える 最高のLightning Speed 願う　真空の間で　届きそうだ　FLASH  舞う落ち葉が　地に着くまでの 刹那的な速度に近くて フレームは一瞬　ハイスピードで 一直線　光裂くように  空気を揺らせ　鼓動を鳴らせ 静かな夜に今　火をつけるの 恋ともぜんぜん　違うエモーション 今夜は　これからなの  火花のように　FLASH　光る 最高のLightning Game 鳴らした音も置き去りにして FLASH　超える 最高のLightning Speed 速い時の中で　ちはやぶる FLASH　光る 最高のLightning Game かざした手を弓矢に変えて FLASH　超える 最高のLightning Speed 願う　真空の間で　届きそうだ　FLASH  (ちはやぶる)  火花のように　FLASH　光る 最高のLightning Game 鳴らした音も置き去りにして FLASH　超える 最高のLightning Speed 速い時の中で　ちはやぶる FLASH　光る 最高のLightning Game かざした手を弓矢に変えて FLASH　超える 最高のLightning Speed 願う　真空の間で　届きそうだ　FLASH  (FLASH)
2017,1,星野源,恋,営みの 街が暮れたら色めき 風たちは運ぶわ カラスと人々の群れ  意味なんか ないさ暮らしがあるだけ ただ腹を空かせて 君の元へ帰るんだ  物心ついたらふと 見上げて思うことが この世にいる誰も 二人から  胸の中にあるもの いつか見えなくなるもの それは側にいること いつも思い出して 君の中にあるもの 距離の中にある鼓動 恋をしたの貴方の 指の混ざり　頬の香り 夫婦を超えてゆけ  みにくいと 秘めた想いは色づき 白鳥は運ぶわ 当たり前を変えながら  恋せずにいられないな 似た顔も虚構にも 愛が生まれるのは 一人から  胸の中にあるもの いつか見えなくなるもの それは側にいること いつも思い出して 君の中にあるもの 距離の中にある鼓動 恋をしたの貴方の 指の混ざり　頬の香り 夫婦を超えてゆけ  泣き顔も　黙る夜も　揺れる笑顔も いつまでも　いつまでも  胸の中にあるもの いつか見えなくなるもの それは側にいること いつも思い出して 君の中にあるもの 距離の中にある鼓動 恋をしたの貴方の 指の混ざり　頬の香り 夫婦を超えてゆけ 二人を超えてゆけ 一人を超えてゆけ
2017,2,Mr.Children,HANABI,どれくらいの値打ちがあるだろう？ 僕が今生きているこの世界に すべてが無意味だって思える ちょっと疲れてんのかなぁ  手に入れたものと引き換えにして 切り捨てたいくつもの輝き いちいち憂いていれるほど 平和な世の中じゃないし  一体どんな理想を描いたらいい？ どんな希望を抱き進んだらいい？ 答えようもないその問いかけは 日常に葬られてく  君がいたらなんていうかなぁ 「暗い」と茶化して笑うのかなぁ その柔らかな笑顔に触れて 僕の憂鬱が吹き飛んだらいいのに  決して捕まえることの出来ない 花火のような光だとしたって もう一回　もう一回 もう一回　もう一回 僕はこの手を伸ばしたい 誰も皆　悲しみを抱いてる だけど素敵な明日を願っている 臆病風に吹かれて　波風がたった世界を どれだけ愛することができるだろう？  考えすぎで言葉に詰まる 自分の不器用さが嫌い でも妙に器用に立ち振舞う自分は それ以上に嫌い  笑っていても 泣いて過ごしても平等に時は流れる 未来が僕らを呼んでる その声は今　君にも聞こえていますか？  さよならが迎えに来ることを 最初からわかっていたとしたって もう一回　もう一回 もう一回　もう一回 何度でも君に逢いたい めぐり逢えたことでこんなに 世界が美しく見えるなんて 想像さえもしていない　単純だって笑うかい？ 君に心からありがとうを言うよ  滞らないように　揺れて流れて 透き通ってく水のような 心であれたら  逢いたくなったときの分まで 寂しくなったときの分まで もう一回　もう一回 もう一回　もう一回 君を強く焼き付けたい 誰も皆　問題を抱えている だけど素敵な明日を願っている 臆病風に吹かれて　波風がたった世界を どれだけ愛することができるだろう？ もう一回　もう一回 もう一回　もう一回
2017,3,back number,ハッピーエンド,さよならが喉の奥につっかえてしまって 咳をするみたいにありがとうって言ったの 次の言葉はどこかとポケットを探しても 見つかるのはあなたを好きな私だけ  平気よ大丈夫だよ優しくなれたと思って 願いに変わって最後は嘘になって  青いまま枯れてゆく あなたを好きなままで消えてゆく 私みたいと手に取って 奥にあった想いと一緒に握り潰したの 大丈夫　大丈夫  今すぐに抱きしめて 私がいれば何もいらないと それだけ言ってキスをして なんてね　嘘だよ　ごめんね  こんな時思い出す事じゃないとは思うんだけど 一人にしないよってあれ実は嬉しかったよ あなたが勇気を出して初めて電話をくれた あの夜の私と何が違うんだろう  どれだけ離れていてもどんなに会えなくても 気持ちが変わらないからここにいるのに  青いまま枯れてゆく あなたを好きなままで消えてゆく 私をずっと覚えていて なんてね　嘘だよ　元気でいてね  泣かない私に少しほっとした顔のあなた 相変わらず暢気ね　そこも大好きよ  気が付けば横にいて 別に君のままでいいのになんて 勝手に涙拭いたくせに 見える全部聴こえる全て 色付けたくせに  青いまま枯れてゆく あなたを好きなままで消えてゆく 私みたいと手に取って 奥にあった想いと一緒に握り潰したの 大丈夫　大丈夫  今すぐに抱きしめて 私がいれば何もいらないと そう言ってもう離さないで なんてね　嘘だよ　さよなら
2017,4,RADWIMPS,前前前世 (movie ver.),やっと眼を覚ましたかい　それなのになぜ眼も合わせやしないんだい？ 「遅いよ」と怒る君　これでもやれるだけ飛ばしてきたんだよ  心が身体を追い越してきたんだよ  君の髪や瞳だけで胸が痛いよ 同じ時を吸いこんで離したくないよ 遥か昔から知る　その声に 生まれてはじめて　何を言えばいい？  君の前前前世から僕は　君を探しはじめたよ そのぶきっちょな笑い方をめがけて　やってきたんだよ  君が全然全部なくなって　チリヂリになったって もう迷わない　また１から探しはじめるさ むしろ０から　また宇宙をはじめてみようか  どっから話すかな　君が眠っていた間のストーリー 何億　何光年分の物語を語りにきたんだよ　けどいざその姿この眼に映すと  君も知らぬ君とジャレて　戯れたいよ 君の消えぬ痛みまで愛してみたいよ 銀河何個分かの　果てに出逢えた その手を壊さずに　どう握ったならいい？  君の前前前世から僕は　君を探しはじめたよ その騒がしい声と涙をめがけ　やってきたんだよ  そんな革命前夜の僕らを誰が止めるというんだろう もう迷わない　君のハートに旗を立てるよ 君は僕から諦め方を　奪い取ったの  前前前世から僕は　君を探しはじめたよ そのぶきっちょな笑い方をめがけて　やってきたんだよ  君が全然全部なくなって　チリヂリになったって もう迷わない　また１から探しはじめるさ 何光年でも　この歌を口ずさみながら
2017,5,倉木麻衣,渡月橋 ～君 想ふ～,寄り添う二人に　君がオーバーラップ 色なき風に　思い馳せて 触れた手の温もり　今も… Stop　時間を止めて  そう　いつの日だって 君の言葉　忘れないの 会いたい時に　会えない 会いたい時に　会えない 切なくて　もどかしい  から紅に染まる渡月橋 導かれる日　願って 川の流れに祈りを込めて I've been thinking about you I've been thinking about you いつも　こころ　君のそば  いにしえの景色　変わりなく 今　この瞳に映し出す 彩りゆく　季節越えて Stock　覚えていますか？  ねぇ　いつになったら また　巡り会えるのかな 会いたい時に　会えない 会いたい時に　会えない この胸を　焦がすの  から紅に水くくるとき 君との想い　つなげて 川の流れに祈りを込めて I've been thinking about you I've been thinking about you いつも　君を　探してる  君となら　不安さえ どんな時も消えていくよ いつになったら　優しく 抱きしめられるのかな  から紅の紅葉達さえ 熱い思いを　告げては ゆらり揺れて歌っています I've been thinking about you I've been thinking about you いつも　いつも　君　想ふ
2017,6,WANIMA,やってみよう,正しいより　楽しい 正しいより　面白い やりたかったこと　やってみよう 失敗も思い出  はじめよう　やってみよう 誰でも最初は　初心者なんだから やったことないことも　やってみよう 苦手な相手とも　話してみよう 知らなかったこと　見たことないもの　あたらしい　楽しい  悲しいときは　笑って 寂しいときは　声出して 雨はいつまでも　続かない 土砂降りも楽しもう  踏み出そう　よじ登ろう 高い山ほど　絶景が待ってるから 遠回りの道を　選んでみよう 険しい峠には　何かがあるさ ありえなかったこと　出会わなかった人 あぶなっかしい　楽しい  振り返るより　振り向いて 掘り返すより　掘り出して 過ぎた話は　ほどほどに 今の話をしよう  恐れず　迷わず 同じ今日という日は　二度とないんだから 明日よりも今日に　はじめよう 知らなかった自分と　一緒に走ろう 思い立った日が　思いついた日が そこが　スタートだ  青いより　青い　空もそうさ 同じに見えて　いつも違う どんな人だって同じじゃないさ 空気なんて読まない  やってみよう  正しいより　楽しい　やってみようか 倒れるなら　前に倒れよう やって後悔などすることないさ 理由なんていらない  やってみよう やってみよう やってみよう やってみよう やってみよう
2017,7,DAOKO×米津玄師,打上花火,あの日見渡した渚を　今も思い出すんだ 砂の上に刻んだ言葉　君の後ろ姿  寄り返す波が　足元をよぎり何かを攫う 夕凪の中　日暮れだけが通り過ぎて行く  パッと光って咲いた　花火を見ていた きっとまだ　終わらない夏が 曖昧な心を　解かして繋いだ この夜が　続いて欲しかった  「あと何度君と同じ花火を見られるかな」って 笑う顔に何ができるだろうか 傷つくこと　喜ぶこと　繰り返す波と情動 焦燥　最終列車の音  何度でも　言葉にして君を呼ぶよ 波間を選び　もう一度 もう二度と悲しまずに済むように  はっと息を飲めば　消えちゃいそうな光が きっとまだ　胸に住んでいた 手を伸ばせば触れた　あったかい未来は ひそかに二人を見ていた  パッと花火が 夜に咲いた 夜に咲いて 静かに消えた 離さないで もう少しだけ もう少しだけ このままで  あの日見渡した渚を　今も思い出すんだ 砂の上に刻んだ言葉　君の後ろ姿  パッと光って咲いた　花火を見ていた きっとまだ　終わらない夏が 曖昧な心を　解かして繋いだ この夜が　続いて欲しかった
2017,8,シェネル,Destiny,"傷つくことには　慣れているけど かなしむ人を無視できるほど　器用にはできてない はじめから気づいていたの 嘘で守れる真実なんて　真実じゃないことを  罪と罰　愛の定義さえ　人が決めるものよ  通りすぎた時間だけを　ただ懐かしむのは好きじゃない 夢みていた未来たちと　ちがう景色を見て　ちがう人愛した それでもまだ運命(さだめ)を信じてる  It's my, it's my destiny…  あばれる気持ちに　鍵をかけてた わりと上手に生きてきたのよ　あなたに出会うまでは 私なら大丈夫だと 何度もつよく言い聞かせては　ここまでたどり着いた  夜と昼　闇と光たち　狂い咲きの心  通りすぎた時間だけを　ただ懐かしむのは好きじゃない 夢みていた未来たちと　ちがう景色を見て　ちがう人愛した それでもまだ運命(さだめ)を信じてる  罪と罰　愛の定義さえ　人が決めるものよ  通りすぎた時間だけを　ただ懐かしむのは好きじゃない 夢みていた未来たちと　ちがう景色を見て　ちがう人愛した それでもまだ運命(さだめ)を信じてる 今でも信じてる  It's my, it's my destiny…"
2017,9,Doughnuts Hole,おとなの掟,真っ黒な中に一つ消えては浮かぶ吐息よ 冷たい闇夜は僕の願い飲み込み匿います 真っ白な息がいまもっとも無垢な本音と 悴んだ声でなにを歌う？嘘でも本当でも 好きとか嫌いとか欲しいとか 気持いいだけの台詞でしょう ああ白黒付けるには相応しい ‥滅びの呪文だけれど‥  真っ新な子供時代教科書を暗記していれば 正解不正解どちらかを選べると思っていた ト書き通りに生きている自分 アドリブには慣れていない癖 云いたいこと溢れ出し姦しい ‥君の前だけだけれど‥  手放してみたいこの両手塞いだ知識 どんなに軽いと感じるだろうか 言葉の鎧も呪いも一切合財 脱いで剥いでもう一度 僕らが出会えたら  好きとか嫌いとか欲しいとか 口走ったら如何なるでしょう ああ白黒付けるのは恐ろしい ‥切実に生きればこそ‥ そう人生は長い、世界は広い 自由を手にした僕らはグレー 幸福になって、不幸になって 慌ただしい胸の裡だけが騒ぐ ‥おとなは秘密を守る‥
2017,10,Beverly,I need your love,聞こえないフリで　いつも通りココでbye-bye 走り去るexpress　なびく髪　涙隠し  前向きなTL　どっかに抱える孤独 あなたに伝えたくて  誰もがきっと　痛み隠して smile to hide the pain  退屈な街に　物憂げな顔で lie 誤魔化したはずの　心深く崩れてく  もっと　包まれたいの　その腕に  明日が見えなくて  I need your love I need your love I need any day anywhere anything you and me You and me  曖昧な　明日なら 愛なんて見えないリスク私はいらない  それでもなんで止められないの あなたの優しさに触れたくて  I need your love I need your love I need any day anywhere anything you and me You and me  途切れた言葉に　伝わり絡まるnervous それ以上何も言わないで　目をそらした  夜空に隠れて　一人うつむいたmidnight あなたを忘れたくて  輝くstarliight　照らしてもっと overflowing tears  最後の願いなら  I need your love I need your love I need any day anywhere anything you and me You and me  逢いたくて　逢いたくて 消えないで　誰よりもっと近くにいたいから  あなたをもっと感じていたいの 繋いだ手に伝わる感情も  I need your love I need your love I need any day anywhere anything you and me You and me  I need your love Any day anywhere anything you and me  永遠なら　あなたの愛で全てを奪って  I need your love I need your love I need any day anywhere anything you and me You and me  曖昧な　明日なら 愛なんて見えないリスク私はいらない  それでもなんで止められないの あなたの優しさに触れたくて  I need your love I need your love I need any day anywhere anything you and me You and me
2017,11,オースティン･マホーン,ダーティ･ワーク,
2017,12,SEKAI NO OWARI,RAIN,魔法は　いつか解けると　僕らは知ってる 月が咲いて太陽が今枯れた 傘を差し出す君に映る僕は濡れてない 水たまりに映る僕は雨に濡れてた  幸せなような　涙が出そうな この気持ちはなんて言うんだろう ファフロツキーズの夢を見て起きた 涙が頬で乾いていた  虹が架かる空には雨が降ってたんだ 虹はいずれ消えるけど雨は草木を育てていくんだ 虹が架かる空には雨が降ってたんだ いつか虹が消えてもずっと僕らは空を見上げる  真っ白な夜に　遠くを走る汽車の影 静寂と僕ら残して過ぎ去っていく  逃げ出したいような　心踊るような この気持ちはなんて言うんだろう 鏡の前で顔を背けたのは ずっと昔のことのようで  虹が架かる空には雨が降ってたんだ 虹はいずれ消えるけど雨は草木を育てていたんだ 虹が架かる空には雨が降ってたんだ 忘れないよ　こんな雨の日に空を見上げてきたこと  虹が架かる空には雨が降ってたんだ 虹はいずれ消えるけど雨は草木を育てていくんだ 虹が架かる空には雨が降ってたんだ いつか虹が消えてもずっと僕らは空を見上げる  雨が止んだ庭に　花が咲いてたんだ きっともう大丈夫 そうだ　次の雨の日のために　傘を探しに行こう
2017,13,安室奈美恵,Hero,I'll be your hero I'll be your hero  いろんな色で染まる　世界で一人で  振り向かなくてもいい 今までの君のまま進めばいいから あきらめないで everyday  君だけのための hero どんな日もそばにいるよ Oh Oh... I'll be your hero 君だけのための hero  強くなれる訳は　大切な人が  常に笑顔で支えてくれた だから乗り越えられる 険しい道のりも  君と交わした　約束の場所 たどりついてみせる いつか必ず forevermore  君だけのための hero どんな日もそばにいるよ Oh Oh... I'll be your hero Oh Oh... And you are my hero  響く声に　そっと耳傾ければ  離れていても　みんなの想いが 今まで私の背中を押してくれたよね  君だけのための hero どんな日もそばにいるよ Oh Oh... I'll be your hero Oh Oh... And you are my hero  どこまでも すべて君のために走る 永遠に 輝くあの星のように  君だけのための hero 限りなく遠い道も 君とならどこまでも 夢つかむまできっと  君だけのための hero いつまでもそばにいるよ 君だけのための hero 君だけのための hero Oh Oh... I'll be your hero Oh Oh... And you are my hero  Oh Oh... I'll be your hero Oh Oh... I'll be your hero
2017,14,Perfume,TOKYO GIRL,太陽が射しこむ街で目を覚ます 情報を掻き分ける熱帯魚 平凡を許してくれない水槽で どんな風に気持ち良く泳げたら  Lighting Lighting　照らして Singing　今日も着飾って ハッピー Feeling good　見渡して めいっぱいに手を伸ばして  踊れ Boom Boom TOKYO GIRL 色とりどりの恋 Let us be going！ going！ BOY Kawaiiと駆ける未来 踊れ Boom Boom TOKYO GIRL 廻る街　メリーゴーランド 彩りのサラウンド　奏でるわ ここにいるあなたへ  夢見るTOKYO GIRL  たくさんのモノが行き交う街で 何気なく見てる風景に なにかもの足りない特別な 未来を指差して求めてる  Lighting Lighting　照らして Singing　今日も着飾って ハッピー Feeling good　見渡して めいっぱいに手を伸ばして  踊れ Boom Boom TOKYO GIRL 色とりどりの恋 Let us be going！ going！ BOY Kawaiiと駆ける未来 踊れ Boom Boom TOKYO GIRL 廻る街　メリーゴーランド 彩りのサラウンド　奏でるわ ここにいるあなたへ
2017,15,安室奈美恵,Just You and I,"星のない世界に　たったひとつ真実を 見つけたの　君の手に触れた日 柔らかな愛に　そっと包まれていた Just you and I　ふたりで  (Half of me just disappeared) 心が灼けるような　空白を 君のほかには　埋められない I believe in love  君を抱きしめる時間を 君と生きていく未来を 信じていたい Days of delight 永遠に変わるまで 君を抱きしめられないなら 私の両手に意味はない What we got is true love 愛を　この腕に  平穏な日々に　ありふれた煌めきが 眩しくて　いつも目を伏せてた ずっと遠くまで　そう疑わなかった Just you and I　ふたりで  (We always find a way) 手に入れたいものは　何もない 君のためなら　強くなれる I believe in love  君を愛してる時間は 君を抱きしめる想いは 色褪せない Shining so bright 永遠に変わるまで 君を愛せない未来なら 私の明日に意味はない What we got is true love すべて　この胸に  君を抱きしめる時間を ('Cause you're the only one, you're the only one I want) 君と生きていく未来を 君を抱きしめる時間を ('Cause you're the only one, you're the only one…) 君と生きていく未来を Stop everything　ここから  君を抱きしめる時間を 君と生きていく未来を 信じていたい Days of delight 永遠に変わるまで 君を抱きしめられないなら 私の両手に意味はない What we got is true love 愛を　この腕に"
2017,16,平井堅,ノンフィクション,描いた夢は叶わないことの方が多い 優れた人を羨んでは自分が嫌になる  浅い眠りに押しつぶされそうな夜もある 優しい隣人が陰で牙を剥いていたり  惰性で見てたテレビ消すみたいに 生きることを時々やめたくなる  人生は苦痛ですか？　成功が全てですか？ 僕はあなたに　あなたに　ただ　会いたいだけ みすぼらしくていいから　欲まみれでもいいから 僕はあなたの　あなたの　本当を知りたいから 響き消える笑い声　一人歩く曇り道 僕はあなたに　あなたに　ただ　会いたいだけ  筋書き通りにいかぬ毎日は誰のせい？ 熱い戦いをただベンチで眺めてばかり  消えそうな炎　両手で包むように 生きることを諦めきれずにいる  人生は悲劇ですか？　成功は孤独ですか？ 僕はあなたに　あなたに　ただ　会いたいだけ 正しくなくていいから　くだらなくてもいいから 僕はあなたの　あなたの　本当を知りたいから 鞄の奥で鳴る鍵　仲間呼ぶカラスの声 僕はあなたに　あなたに　ただ　会いたいだけ  何のため生きてますか？　誰のため生きれますか？ 僕はあなたに　あなたに　ただ　会いたいだけ 人生を恨みますか？　悲しみはキライですか？ 僕はあなたの　あなたの　本当を知りたいから 秘密　涙　ひとり雨　目覚めたら襲う不安 僕はあなたに　あなたに　ただ　会いたいだけ 信じたいウソ　効かないクスリ　帰れないサヨナラ 叫べ　叫べ　叫べ 会いたいだけ
2017,17,Mr.Children,ヒカリノアトリエ,「雨上がりの空に七色の虹が架かる」 って　そんなに単純じゃない この夢想家でも それくらい理解ってる  大量の防腐剤 心の中に忍ばせる 晴れた時ばっかじゃない 湿った日が続いても腐らぬように  たとえば100万回のうち たった一度ある奇跡 下を向いてばかりいたら 見逃してしまうだろう  さぁ 空に架かる虹を今日も信じ 歩き続けよう 優しすぎる嘘で涙を拭いたら 虹はもうそこにある  「一体何の意味がある？」 つい　損か得かで考えてる でも　たった一人でも笑ってくれるなら それが宝物  誰の胸の中にだって薄暗い雲はある その闇に飲まれぬように 今日をそっと照らしていこう  過去は消えず 未来は読めず 不安が付きまとう だけど明日を変えていくんなら今 今だけがここにある  遥か遠く地平線の奥の方から 心地好い風がそのヒカリ運んで 僕らを包んでく  たとえば100万回のうち たった一度ある奇跡 ただひたむきに前を見てたら 会えるかな  空に架かる虹を今日も信じ 歩き続けよう 優しすぎる嘘で涙を拭いたら 虹はほらそこに 過去は消えず 未来は読めず 不安が付きまとう だけど明日を変えていくんなら今 今だけがここにある きっと 虹はもうここにある
2017,18,RADWIMPS,なんでもないや (movie ver.),
2017,19,宇多田ヒカル,Forevermore,確かな足取りで家路につく人が 溢れる大通りを避けて 壊れたイヤホンで耳を塞ぎながら あなたの名を呟きかけた  あなたの代わりなんて居やしない こればっかりは 裏切られても変わらない  愛してる、愛してる 薄情者な私の胸を こうも絶えず締め付けるのは あなただけだよ  Others come and go But you're in my soul forevermore いつまでもいつまでも いつまでもそうよ  友達は入れ替わり服は流行り廃る 私を私たらしめるのは 染み付いた価値観や 身に付いた趣味嗜好なんかじゃないと 教えてくれた  私の終わりなんて怖くない もしかしたら 生まれ変わっても忘れない  愛してる、愛してる 一人きりが似合う私を 今日も会えず泣かせるのは あなただけだよ  Others come and go But you're in my soul forevermore いつまでもいつまでも いつまでもそうよ  恋の後も いつまでもいつまでも 最後の瞬間を待たずとも これだけは言える  Forevermore 愛してる、愛してる それ以外は余談の域よ 愛してる、愛してるのは あなただけだよ  Others come and go But you're in my soul forevermore いつまでもいつまでも いつまでもそうよ
2017,20,BUMP OF CHICKEN,リボン,嵐の中をここまで来たんだ　嵐の中をここまで来たんだ 出会って生まれた光　追いかけて  ポケットに勇気がガラス玉ひとつ分　それぞれ持っている　ガラス玉ひとつ分 並べても同じ数　あの日から　始まりから  つぎはぎの傘　汚れたカンテラ 手作りの地図　大事に一緒に　使った  ここはどこなんだろうね　どこに行くんだろうね 誰一人　わかっていないけど 側にいる事を選んで　今側にいるから　迷子じゃないんだ  たくさん笑ったり　それよりはるかに少ない 泣いたり怒ったりした事の全部が 音符になって繋がって　僕らを結んだ  ポケットに恐怖が宇宙と同じくらい　それぞれ持っている　宇宙と同じくらい 同じ時に震えたら　強くなれた　弱くなれた  指差したUFO　すれ違った野良猫 あくびのユニゾン　あと何があった　教えて  意地や恥ずかしさに負けないで　心で正面から向き合えるよ 僕らを結ぶリボンは　解けないわけじゃない　結んできたんだ  君の勇気を　僕が見れば星だ　並べても同じでありたい あぁ　ここはどこなんだろうね　どこに行くんだろうね　迷子じゃないんだ  嵐の中を　ここまで来たんだ　嵐の中を　ここまで来たんだ カウントからせーので息を読み合って　泣いたり怒ったり笑ったりの全部で  嵐の中をここまで来たんだ　出会って生まれた光　追いかけて 嵐の中をどこまでも行くんだ　赤い星並べてどこまでも行くんだ
2018,1,米津玄師,Lemon,夢ならばどれほどよかったでしょう 未だにあなたのことを夢にみる 忘れた物を取りに帰るように 古びた思い出の埃を払う  戻らない幸せがあることを 最後にあなたが教えてくれた 言えずに隠してた昏い過去も あなたがいなきゃ永遠に昏いまま  きっともうこれ以上　傷つくことなど ありはしないとわかっている  あの日の悲しみさえ　あの日の苦しみさえ そのすべてを愛してた　あなたとともに 胸に残り離れない　苦いレモンの匂い 雨が降り止むまでは帰れない 今でもあなたはわたしの光  暗闇であなたの背をなぞった その輪郭を鮮明に覚えている 受け止めきれないものと出会うたび 溢れてやまないのは涙だけ  何をしていたの　何を見ていたの わたしの知らない横顔で  どこかであなたが今　わたしと同じ様な 涙にくれ　淋しさの中にいるなら わたしのことなどどうか　忘れてください そんなことを心から願うほどに 今でもあなたはわたしの光  自分が思うより 恋をしていたあなたに あれから思うように 息ができない  あんなに側にいたのに まるで嘘みたい とても忘れられない それだけが確か  あの日の悲しみさえ　あの日の苦しみさえ そのすべてを愛してた　あなたとともに 胸に残り離れない　苦いレモンの匂い 雨が降り止むまでは帰れない 切り分けた果実の片方の様に 今でもあなたはわたしの光
2018,2,DA PUMP,U.S.A.,"U-U-U.S.A. U-U-U.S.A.  C',,,C'mon, baby ×2  U.S.A. オールドムービー観たシネマ U.S.A. リーゼントヘア真似した U.S.A. FM聴いてた渚 U.S.A. リズムが衝撃だった  数十年で関係(リレーションシップ) だいぶ変化したようだ だけれど僕らは地球人 同(おんな)じ星(ふね)の旅人さ  C'mon, baby アメリカ ドリームの見方をInspired C'mon, baby アメリカ 交差するルーツ　タイムズスクエア C'mon, baby アメリカ 憧れてたティーンネイジャーが C'mon, baby アメリカ 競合してく　ジパングで  C',,,C'mon, baby  U.S.A. ツイスト踊ったフロア U.S.A. ミラーボールに恋した U.S.A. 仲間の中古のオープンカー U.S.A. あの娘(こ)は髪なびかせた  パシフィック・オーシャン　一飛(ひとっと)び ハートはいつもファーストクラス 夢というグラス交わし Love &amp; Peace誓うのさ  C'mon, baby アメリカ サクセスの味方 Organizer C'mon, baby アメリカ ニューウェーブ寄せる　ウェストコースト C'mon, baby アメリカ どっちかの夜は昼間 C'mon, baby アメリカ ユナイテッドする　朝焼け  C',,,C'mon, baby ×2  C'mon, baby アメリカ ドリームの見方をInspired C'mon, baby アメリカ 交差するルーツ　タイムズスクエア C'mon, baby アメリカ 憧れてたティーンネイジャーが C'mon, baby アメリカ 競合してく　ジパングで  C',,,C'mon, baby ×2"
2018,3,MISIA,アイノカタチ feat.HIDE(GReeeeN),あのね　いつの間にか　気づいたんだ　愛に　もし　カタチがあって それがすでに　わたしの胸に　はまってたなら きっとずっと　今日よりもっと　あなたのことを知るたびに そのカタチはもう　あなたじゃなきゃ　きっと隙間を作ってしまうね  あのね　大好きだよ あなたが心の中で　広がってくたび 愛が　溢れ　涙こぼれるんだ  これから沢山の　泣き笑いを　知るたびに増えていくの 飛び出たとこ　へこんだとこ　二人になってく 時にぶつかり　すり減って　そして　また　埋めあっていけばいい  大好きなあなたが そばにいないときに　ほら　胸が痛くなって あなたのカタチ　見える　気がしたんだ  あのね　大好きだよ 何万回も　伝えよう　温かく増えた想いは 全部　アイノカタチです  ずっと　ずっと　大好きだよ あなたが心の中で　広がってくたび 愛が　溢れ　涙こぼれるんだ 星の数ほどの中　ただ一人のあなたが　心にいるんだ あのね　あのね　ずっと　大好きだよ 大好きだよ　ああ　ありがとう
2018,4,back number,瞬き,幸せとは　星が降る夜と眩しい朝が 繰り返すようなものじゃなく 大切な人に降りかかった雨に傘を差せる事だ  何の為に生きて行くのか 答えなんて無くていいよ 会いたい人と必要なものを少し守れたら  背伸びもへりくだりもせずに 僕のそのままで愛しい気持ちを歌えたなら  幸せとは　星が降る夜と眩しい朝が 繰り返すようなものじゃなく 大切な人に降りかかった雨に傘を差せる事だ 瞬きもせずに目を凝らしても見付かる類のものじゃない だからそばにいて欲しいんだ  夢の為に生きられた人 逸れた道が正解だった人 誰かの為に費やした人 自分を生きた人  誰にもなれなかったけど ただ今日も僕を必要だと思ってくれたら  幸せとは　星が降る夜と眩しい朝が 繰り返すようなものじゃなく 大切な人に降りかかった雨に傘を差せる事だ また弱さ見付けて戸惑う僕に でもそれが出来るだろうか 目を閉じて見付けた場所で  幸せとは　星が降る夜と眩しい朝が 繰り返すようなものじゃなく 大切な人に降りかかった雨に傘を差せる事だ そしていつの間にか僕の方が守られてしまう事だ いつもそばに　いつも君がいて欲しいんだ  目を開けても　目を閉じても
2018,5,安室奈美恵,Hero,I'll be your hero I'll be your hero  いろんな色で染まる　世界で一人で  振り向かなくてもいい 今までの君のまま進めばいいから あきらめないで everyday  君だけのための hero どんな日もそばにいるよ Oh Oh... I'll be your hero 君だけのための hero  強くなれる訳は　大切な人が  常に笑顔で支えてくれた だから乗り越えられる 険しい道のりも  君と交わした　約束の場所 たどりついてみせる いつか必ず forevermore  君だけのための hero どんな日もそばにいるよ Oh Oh... I'll be your hero Oh Oh... And you are my hero  響く声に　そっと耳傾ければ  離れていても　みんなの想いが 今まで私の背中を押してくれたよね  君だけのための hero どんな日もそばにいるよ Oh Oh... I'll be your hero Oh Oh... And you are my hero  どこまでも すべて君のために走る 永遠に 輝くあの星のように  君だけのための hero 限りなく遠い道も 君とならどこまでも 夢つかむまできっと  君だけのための hero いつまでもそばにいるよ 君だけのための hero 君だけのための hero Oh Oh... I'll be your hero Oh Oh... And you are my hero  Oh Oh... I'll be your hero Oh Oh... I'll be your hero
2018,6,米津玄師,LOSER,いつもどおりの通り独り　こんな日々もはや懲り懲り もうどこにも行けやしないのに　夢見ておやすみ いつでも僕らはこんな風に　ぼんくらな夜に飽き飽き また踊り踊り出す明日に　出会うためにさよなら  歩き回ってやっとついた　ここはどうだ楽園か？ 今となっちゃもうわからない 四半世紀の結果出来た 青い顔のスーパースターがお腹すかしては待ってる  アイムアルーザー　どうせだったら遠吠えだっていいだろう もう一回もう一回行こうぜ　僕らの声 アイムアルーザー　ずっと前から聞こえてた いつかポケットに隠した声が  ああだのこうだの知ったもんか　幸先の空は悪天候 ほら窓から覗いた摩天楼　からすりゃ塵のよう イアンもカートも昔の人よ　中指立ててもしょうがないの 今勝ち上がるためのお勉強　朗らかな表情  踊る阿呆に見る阿呆　我らそれを端から笑う阿呆 デカイ自意識抱え込んではもう　磨耗　すり減って残る酸っぱい葡萄 膝抱えてもなんもねえ　ほら長い前髪で前が見えねえ 笑っちまうねパッと沸き立って　フワッと消えちゃえるこんな輪廻 愛されたいならそう言おうぜ　思ってるだけじゃ伝わらないね 永遠の淑女もそっぽ向いて　天国は遠く向こうのほうへ ああわかってるって　深く転がる　俺は負け犬 ただどこでもいいから遠くへ行きたいんだ　それだけなんだ  耳をすませ遠くで今　響きだした音を逃すな　呼吸を整えて いつかは出会えるはずの　黄金の色したアイオライトを きっと掴んで離すな  アイムアルーザー　なんもないならどうなったっていいだろう うだうだしてフラフラしていちゃ今に　灰　左様なら アイムアルーザー　きっといつかって願うまま 進め　ロスタイムのそのまた奥へ行け  愛されたいならそう言おうぜ　思ってるだけじゃ伝わらないね 永遠の淑女もそっぽ向いて　天国は遠く向こうのほうへ ここいらでひとつ踊ってみようぜ　夜が明けるまで転がっていこうぜ 聞こえてんなら声出していこうぜ  アイムアルーザー　どうせだったら遠吠えだっていいだろう もう一回もう一回行こうぜ　僕らの声 アイムアルーザー　ずっと前から聞こえてた いつかポケットに隠した声が  ここいらでひとつ踊ってみようぜ　夜が明けるまで転がっていこうぜ 聞こえてんなら声出していこうぜ
2018,7,宇多田ヒカル,あなた,あなたのいない世界じゃ どんな願いも叶わないから 燃え盛る業火の谷間が待ってようと 守りたいのはあなた  あなた以外なんにもいらない 大概の問題は取るに足らない 多くは望まない　神様お願い 代り映えしない明日をください  一日の終わりに撫で下ろす この胸を頼りにしてる人がいる くよくよなんてしてる場合じゃない  Oh　ただの数字が特別になるよ  あなたと歩む世界は 息を飲むほど美しいんだ 人寄せぬ荒野の真ん中 私の手を握り返したあなた  あなた以外なんにもいらない 大概の問題は取るに足らない 多くは望まない　神様お願い 代り映えしない明日をください  戦争の始まりを知らせる放送も アクティヴィストの足音も届かない この部屋にいたい　もう少し  Oh　肌の匂いが変わってしまうよ  あなたの生きる時代が 迷いと煩悩に満ちていても 晴れ渡る夜空の光が震えるほど 眩しいのはあなた  あなた以外思い残さない 大概の問題は取るに足らない 多くは望まない　神様お願い 代り映えしない明日をください  何度聞かれようと 変わらない答えを 聞かせてあげたい  なんと言われようと あなたの行く末を 案じてやまない  終わりのない苦しみを甘受し Darling　旅を続けよう あなた以外帰る場所は 天上天下　どこにもない
2018,8,菅田 将暉,さよならエレジー,
2018,9,DAOKO×米津玄師,打上花火,あの日見渡した渚を　今も思い出すんだ 砂の上に刻んだ言葉　君の後ろ姿  寄り返す波が　足元をよぎり何かを攫う 夕凪の中　日暮れだけが通り過ぎて行く  パッと光って咲いた　花火を見ていた きっとまだ　終わらない夏が 曖昧な心を　解かして繋いだ この夜が　続いて欲しかった  「あと何度君と同じ花火を見られるかな」って 笑う顔に何ができるだろうか 傷つくこと　喜ぶこと　繰り返す波と情動 焦燥　最終列車の音  何度でも　言葉にして君を呼ぶよ 波間を選び　もう一度 もう二度と悲しまずに済むように  はっと息を飲めば　消えちゃいそうな光が きっとまだ　胸に住んでいた 手を伸ばせば触れた　あったかい未来は ひそかに二人を見ていた  パッと花火が 夜に咲いた 夜に咲いて 静かに消えた 離さないで もう少しだけ もう少しだけ このままで  あの日見渡した渚を　今も思い出すんだ 砂の上に刻んだ言葉　君の後ろ姿  パッと光って咲いた　花火を見ていた きっとまだ　終わらない夏が 曖昧な心を　解かして繋いだ この夜が　続いて欲しかった
2018,10,星野 源,アイデア,
2018,11,安室奈美恵,Hope(from AL「Finally」),
2018,12,星野 源,ドラえもん,
2018,13,Mr.Children,here comes my love,破り捨てようかな いやはじめから　なかったものって思おうかな？ 拾い集めた淡い希望も 一度ゴミ箱に捨て  飲み込んでおくれ 巨大な鯨のように あぁ僕は彷徨うピノキオの気分だ 何かが僕を変えるはずさって 夢見て暮らしている  輝く光じゃなくっても 消えることない心の灯りはいつも 君を照らしてる 祈るように　叫ぶように この想いがはぐれないように  夢見た未来を波がさらっていっても この海原を僕は泳いでいこう here comes my love here comes my love 君に辿り着けるように  灯台の灯りが 夜の海の向こう 強く優しく光を放つ 今の僕は 君を正しく導いてるかな？  答えはきっとグレーだ 描いて消すを繰り返した夢の地図を 風が引き裂いても 祈るように　叫ぶように また流れに飛び込んでみるんだ  見上げた空には雨雲があるけど その海原を誰もが泳いでるよ 希望を胸に吸い込んだら また愛する人の待つ場所へ  あって当然と思ってたことも 実は奇跡で 数え切れない偶然が重なって 今の君と僕がいる  繋いでいたその手が離れてしまっても 見失わぬように君のそばにいるよ 希望を胸に吸い込んだら また君と泳いでいこう here comes my love here comes my love いつかきっと 僕ら辿り着けるよね
2018,14,宇多田ヒカル,初恋,"うるさいほどに高鳴る胸が 柄にもなく竦む足が今 静かに頬を伝う涙が 私に知らせる　これが初恋と  I need you, I need you I need you, I need you I need you, I need you I need you, I need you  人間なら誰しも 当たり前に恋をするものだと ずっと思っていた　だけど  もしもあなたに出会わずにいたら 誰かにいつかこんな気持ちに させられたとは思えない  うるさいほどに高鳴る胸が 勝手に走り出す足が今 確かに頬を伝う涙が 私に知らせる　これが初恋と  I need you, I need you I need you, I need you I need you, I need you I need you, I need you  どうしようもないことを 人のせいにしては 受け入れてるフリをしていたんだ ずっと  もしもあなたに出会わずにいたら 私はただ生きていたかもしれない 生まれてきた意味も知らずに  言葉一つで傷つくような ヤワな私を捧げたい今 二度と訪れない季節が 終わりを告げようとしていた 不器用に  欲しいものが 手の届くとこに見える 追わずにいられるわけがない 正しいのかなんて本当は 誰も知らない  風に吹かれ震える梢が 陽の射す方へと伸びていくわ 小さなことで喜び合えば 小さなことで傷つきもした  狂おしく高鳴る胸が 優しく肩を打つ雨が今 こらえても溢れる涙が 私に知らせる　これが初恋と  I need you, I need you"
2018,15,Mr.Children,HANABI,どれくらいの値打ちがあるだろう？ 僕が今生きているこの世界に すべてが無意味だって思える ちょっと疲れてんのかなぁ  手に入れたものと引き換えにして 切り捨てたいくつもの輝き いちいち憂いていれるほど 平和な世の中じゃないし  一体どんな理想を描いたらいい？ どんな希望を抱き進んだらいい？ 答えようもないその問いかけは 日常に葬られてく  君がいたらなんていうかなぁ 「暗い」と茶化して笑うのかなぁ その柔らかな笑顔に触れて 僕の憂鬱が吹き飛んだらいいのに  決して捕まえることの出来ない 花火のような光だとしたって もう一回　もう一回 もう一回　もう一回 僕はこの手を伸ばしたい 誰も皆　悲しみを抱いてる だけど素敵な明日を願っている 臆病風に吹かれて　波風がたった世界を どれだけ愛することができるだろう？  考えすぎで言葉に詰まる 自分の不器用さが嫌い でも妙に器用に立ち振舞う自分は それ以上に嫌い  笑っていても 泣いて過ごしても平等に時は流れる 未来が僕らを呼んでる その声は今　君にも聞こえていますか？  さよならが迎えに来ることを 最初からわかっていたとしたって もう一回　もう一回 もう一回　もう一回 何度でも君に逢いたい めぐり逢えたことでこんなに 世界が美しく見えるなんて 想像さえもしていない　単純だって笑うかい？ 君に心からありがとうを言うよ  滞らないように　揺れて流れて 透き通ってく水のような 心であれたら  逢いたくなったときの分まで 寂しくなったときの分まで もう一回　もう一回 もう一回　もう一回 君を強く焼き付けたい 誰も皆　問題を抱えている だけど素敵な明日を願っている 臆病風に吹かれて　波風がたった世界を どれだけ愛することができるだろう？ もう一回　もう一回 もう一回　もう一回
2018,16,家入レオ,もし君を許せたら,もし君を　許せたら また誰かを　愛せるかな？ 閉ざしたはずの心なのに どうして　まだ　夢見るんだろう？ 生きてくんだろう？  突然の雨に　濡れた身体 ソファに埋(うず)め　目をつむった 無情に時計の針は進む 僕を置き去りにして  君に奪われた　戻らない時間 忘れることさえ　できないなんて  もし君を　許せたら また誰かを　愛せるかな？ 悲しい顔は　見たくなくて 僕は声を　上げないけど 思いは消せない  薄明かりの中　眠ったふりの 僕を冷たい瞳で見た あの日から僕が見る景色は 色を失ったまま  君に奪われた　約束した未来 この手で守るからと伝えたのに  もし君を　許せたら 僕は僕を　許せるかな？ 正しいことが　何なのかも 分からなくて　何処へ向かおう？  どうして　憎むほどに 愛してることに気づくの？ 僕は人を　愛する気持ちが 怖くなったよ  もし君を　許せたら また誰かを　愛せるかな？ 閉ざしたはずの心なのに どうして　まだ　夢見るんだろう？ 生きてくんだろう？
2018,17,米津玄師,ピースサイン,いつか僕らの上をスレスレに 通り過ぎていったあの飛行機を 不思議なくらいに憶えてる 意味もないのに　なぜか  不甲斐なくて泣いた日の夜に ただ強くなりたいと願ってた そのために必要な勇気を 探し求めていた  残酷な運命が定まってるとして それがいつの日か僕の前に現れるとして ただ一瞬　この一瞬　息ができるなら どうでもいいと思えた　その心を  もう一度 遠くへ行け遠くへ行けと 僕の中で誰かが歌う どうしようもないほど熱烈に いつだって目を腫らした君が二度と 悲しまないように笑える そんなヒーローになるための歌 さらば掲げろピースサイン 転がっていくストーリーを  守りたいだなんて言えるほど 君が弱くはないのわかってた それ以上に僕は弱くてさ 君が大事だったんだ  「独りで生きていくんだ」なんてさ 口をついて叫んだあの日から 変わっていく僕を笑えばいい 独りが怖い僕を  蹴飛ばして噛み付いて息もできなくて 騒ぐ頭と腹の奥がぐしゃぐしゃになったって 衒いも外連も消えてしまうくらいに 今は触っていたいんだ　君の心に  僕たちは きっといつか遠く離れた 太陽にすら手が届いて 夜明け前を手に入れて笑おう そうやって青く燃える色に染まり おぼろげな街の向こうへ 手をつないで走っていけるはずだ 君と未来を盗み描く 捻りのないストーリーを  カサブタだらけ荒くれた日々が 削り削られ擦り切れた今が 君の言葉で蘇る　鮮やかにも　現れていく 蛹のままで眠る魂を 食べかけのまま捨てたあの夢を もう一度取り戻せ  もう一度 遠くへ行け遠くへ行けと 僕の中で誰かが歌う どうしようもないほど熱烈に いつだって目を腫らした君が二度と 悲しまないように笑える そんなヒーローになるための歌 さらば掲げろピースサイン 転がっていくストーリーを  君と未来を盗み描く　捻りのないストーリーを
2018,18,back number,大不正解,僕等は完全無欠じゃ無い 原型を愛せる訳でも無い この無様に移ろう形を 安い化けの皮を 噛み付き合い　剥ぎ取り合って 互いを見付けて来たんだろう 補い合うのなんざご免なんだ さぁ好きに踊ろうぜ  何を創るつもりなんだ 自分で散らかした瓦礫の上 同じ物を欲しがって 同じ時を過ごしたのが運の尽き 縁が目に見えりゃもうきっと腐ってる  言葉は２層　面もそう 仏の顔だって３度までを 天文学的に超えてくる 華麗なステップで  僕等は完全無欠じゃ無い 原型を愛せる訳でも無い この無様に移ろう形を 安い化けの皮を 噛み付き合い　剥ぎ取り合って 互いを見付けて来たんだろう 補い合うのなんざご免なんだ さぁ好きに踊ろうぜ  誰になろうとしているんだ 最後はいつも自分を疑わないのに  背中合わせ　槍の雨 道連れ　泥舟　大アタリ 地獄の果てでもとは言ったけど 本当に連れて来んなよ  僕等は完全無欠じゃ無い 原型を愛せる訳でも無い この無様に移ろう形を 安い化けの皮を 噛み付き合い　剥ぎ取り合って 互いを見付けて来たんだろう 補い合うのなんざご免なんだ さぁ好きに踊ろうぜ  暑苦しいのなんざご免なんだ まぁ好きに呼べばいい
2018,19,ONE OK ROCK,Change,If we're not moving forward Then what are we moving for？ Feels like we're losing order Fighting a losing war  We need to work this out Can't do this by myself How did we let it go this far？  Hey You know it's not too late for us to make a change You gotta listen to your heart what does it say？ No matter how much we might bend we will not break 'cause we got what it takes to stay  I know we got the power Masters of our own fate Together we are stronger As long as we got faith  この声で響かす SOSのサイン 道なき道を進み　目指す場所へ  Hey You know it's not too late for us to make a change You gotta listen to your heart what does it say？ No matter how much we might bend we will not break 'cause we got what it takes to stay  Stay with me now And how you like it now？ Just stay with me now Looking out We're looking out we're looking out now Stay with me now with me with me now Stay we're looking out Looking out looking out looking out  Hey You know it's not too late for us to make a change You gotta listen to your heart what does it say？ No matter how much we might bend we will not break 'cause we got what it takes to stay
2018,20,米津玄師,灰色と青 ( + 菅田将暉 ),
2019,1,米津玄師,Lemon,夢ならばどれほどよかったでしょう 未だにあなたのことを夢にみる 忘れた物を取りに帰るように 古びた思い出の埃を払う  戻らない幸せがあることを 最後にあなたが教えてくれた 言えずに隠してた昏い過去も あなたがいなきゃ永遠に昏いまま  きっともうこれ以上　傷つくことなど ありはしないとわかっている  あの日の悲しみさえ　あの日の苦しみさえ そのすべてを愛してた　あなたとともに 胸に残り離れない　苦いレモンの匂い 雨が降り止むまでは帰れない 今でもあなたはわたしの光  暗闇であなたの背をなぞった その輪郭を鮮明に覚えている 受け止めきれないものと出会うたび 溢れてやまないのは涙だけ  何をしていたの　何を見ていたの わたしの知らない横顔で  どこかであなたが今　わたしと同じ様な 涙にくれ　淋しさの中にいるなら わたしのことなどどうか　忘れてください そんなことを心から願うほどに 今でもあなたはわたしの光  自分が思うより 恋をしていたあなたに あれから思うように 息ができない  あんなに側にいたのに まるで嘘みたい とても忘れられない それだけが確か  あの日の悲しみさえ　あの日の苦しみさえ そのすべてを愛してた　あなたとともに 胸に残り離れない　苦いレモンの匂い 雨が降り止むまでは帰れない 切り分けた果実の片方の様に 今でもあなたはわたしの光
2019,2,米津玄師,馬と鹿,歪んで傷だらけの春 麻酔も打たずに歩いた 体の奥底で響く 生き足りないと強く  まだ味わうさ　噛み終えたガムの味 冷めきれないままの心で ひとつひとつなくした果てに ようやく残ったもの  これが愛じゃなければなんと呼ぶのか 僕は知らなかった 呼べよ　花の名前をただ一つだけ 張り裂けるくらいに 鼻先が触れる　呼吸が止まる 痛みは消えないままでいい  疲れたその目で何を言う 傷跡隠して歩いた そのくせ影をばら撒いた 気づいて欲しかった  まだ歩けるか　噛み締めた砂の味 夜露で濡れた芝生の上 はやる胸に　尋ねる言葉 終わるにはまだ早いだろう  誰も悲しまぬように微笑むことが 上手くできなかった 一つ　ただ一つでいい　守れるだけで それでよかったのに あまりにくだらない　願いが消えない 誰にも奪えない魂  何に例えよう　君と僕を　踵に残る似た傷を 晴れ間を結えばまだ続く　行こう花も咲かないうちに  これが愛じゃなければなんと呼ぶのか 僕は知らなかった 呼べよ　恐れるままに花の名前を 君じゃなきゃ駄目だと 鼻先が触れる　呼吸が止まる 痛みは消えないままでいい  あまりにくだらない　願いが消えない 止まない
2019,3,あいみょん,マリーゴールド,風の強さがちょっと 心を揺さぶりすぎて 真面目に見つめた 君が恋しい  でんぐり返しの日々 可哀想なふりをして だらけてみたけど 希望の光は  目の前でずっと輝いている 幸せだ  麦わらの帽子の君が 揺れたマリーゴールドに似てる あれは空がまだ青い夏のこと 懐かしいと笑えたあの日の恋  「もう離れないで」と 泣きそうな目で見つめる君を 雲のような優しさでそっとぎゅっと 抱きしめて　抱きしめて　離さない  本当の気持ち全部 吐き出せるほど強くはない でも不思議なくらいに 絶望は見えない  目の奥にずっと写るシルエット 大好きさ  柔らかな肌を寄せあい 少し冷たい空気を2人 かみしめて歩く今日という日に 何と名前をつけようかなんて話して  ああ　アイラブユーの言葉じゃ 足りないからとキスして 雲がまだ2人の影を残すから いつまでも　いつまでも　このまま  遥か遠い場所にいても 繋がっていたいなあ 2人の想いが 同じでありますように  麦わらの帽子の君が 揺れたマリーゴールドに似てる あれは空がまだ青い夏のこと 懐かしいと笑えたあの日の恋  「もう離れないで」と 泣きそうな目で見つめる君を 雲のような優しさでそっとぎゅっと 抱きしめて離さない  ああ　アイラブユーの言葉じゃ 足りないからとキスして 雲がまだ2人の影を残すから いつまでも　いつまでも　このまま  離さない いつまでも　いつまでも　離さない
2019,4,菅田 将暉,まちがいさがし,
2019,5,back number,HAPPY BIRTHDAY,いつの間にやら日付は変わって なんで年って取るんだろう もう背は伸びないくせに 着信の音で飛び起きたけど損したな 君かと思ったのに  何かの手違いで 好きになってくれないかな どうにも君のいない場所は 空気が薄くてさ  くだらない話は思い付くのに 君を抱き締めていい理由だけが見付からない ああそうか　そうだよな ハッピーバースデー　片想いの俺  愛が何かは知らないけれど 好きと言う名前の痛みになら詳しいかも 君にも教えてあげたいけれど結局 教わるのは俺だろう  このまま今日が終わり明日が来れば いつになっても縮まらないこの距離を 駆け引きにも綱引きにもならないやり取りを もっと単純な名前で呼んであげられるよ 何ひとつ終われないけど  つまらない言葉の繰り返しで つじつまもきっと合ってない物語の続きに ひとりよがりの毎日に ハッピーバースデー 君に言って欲しいだけ  くだらない話は思い付くのに 君を抱き締めていい理由だけが見付からない ああそうか　そうだよな ハッピーバースデー　片想いの俺  ハッピーバースデー　片想いの俺
2019,6,Foorin,パプリカ,曲りくねり　はしゃいだ道 青葉の森で駆け回る 遊びまわり　日差しの街 誰かが呼んでいる  夏が来る　影が立つ　あなたに会いたい 見つけたのはいちばん星 明日も晴れるかな  パプリカ　花が咲いたら 晴れた空に種を蒔こう ハレルヤ　夢を描いたなら 心遊ばせあなたにとどけ  雨に燻り　月は陰り 木陰で泣いてたのは誰 一人一人　慰めるように 誰かが呼んでいる  喜びを数えたら　あなたでいっぱい 帰り道を照らしたのは 思い出のかげぼうし  パプリカ　花が咲いたら 晴れた空に種を蒔こう ハレルヤ　夢を描いたなら 心遊ばせあなたにとどけ  会いに行くよ　並木を抜けて 歌を歌って 手にはいっぱいの　花を抱えて らるらりら  パプリカ　花が咲いたら 晴れた空に種を蒔こう ハレルヤ　夢を描いたなら 心遊ばせあなたにとどけ かかと弾ませこの指とまれ
2019,7,Official髭男dism,Pretender,君とのラブストーリー それは予想通り いざ始まればひとり芝居だ ずっとそばにいたって 結局ただの観客だ  感情のないアイムソーリー それはいつも通り 慣れてしまえば悪くはないけど 君とのロマンスは人生柄 続きはしないことを知った  もっと違う設定で　もっと違う関係で 出会える世界線　選べたらよかった もっと違う性格で　もっと違う価値観で 愛を伝えられたらいいな そう願っても無駄だから  グッバイ 君の運命のヒトは僕じゃない 辛いけど否めない　でも離れ難いのさ その髪に触れただけで　痛いや　いやでも 甘いな　いやいや グッバイ それじゃ僕にとって君は何？ 答えは分からない　分かりたくもないのさ たったひとつ確かなことがあるとするのならば 「君は綺麗だ」  誰かが偉そうに 語る恋愛の論理 何ひとつとしてピンとこなくて 飛行機の窓から見下ろした 知らない街の夜景みたいだ  もっと違う設定で　もっと違う関係で 出会える世界線　選べたらよかった いたって純な心で　叶った恋を抱きしめて 「好きだ」とか無責任に言えたらいいな そう願っても虚しいのさ  グッバイ 繋いだ手の向こうにエンドライン 引き伸ばすたびに　疼きだす未来には 君はいない　その事実に Cry... そりゃ苦しいよな  グッバイ 君の運命のヒトは僕じゃない 辛いけど否めない　でも離れ難いのさ その髪に触れただけで　痛いや　いやでも 甘いな　いやいや グッバイ それじゃ僕にとって君は何？ 答えは分からない　分かりたくもないのさ たったひとつ確かなことがあるとするのならば 「君は綺麗だ」  それもこれもロマンスの定めなら　悪くないよな 永遠も約束もないけれど 「とても綺麗だ」
2019,8,米津玄師,Flamingo,宵闇に　爪弾き　悲しみに雨曝し　花曇り 枯れた街　にべもなし　佗びしげに鼻垂らし　へらへらり  笑えないこのチンケな泥仕合　唐紅の髪飾り　あらましき恋敵 触りたいベルベットのまなじりに　薄ら寒い笑みに  あなたフラミンゴ　鮮やかなフラミンゴ　踊るまま ふらふら笑ってもう帰らない 寂しさと嫉妬ばっか残して 毎度あり　次はもっと大事にして  御目通り　有難し　闇雲に舞い上がり　上滑り 虚仮威し　口遊み　狼狽に軽はずみ　阿呆晒し  愛おしいその声だけ聴いていたい　半端に稼いだ泡銭　タカリ出す昼鳶 下らないこのステージで光るのは　あなただけでもいい  それはフラミンゴ　恐ろしやフラミンゴ　はにかんだ ふわふわ浮かんでもうさいなら そりゃないね　もっとちゃんと話そうぜ 畜生め　吐いた唾も飲まないで  氷雨に打たれて鼻垂らし　あたしは右手にねこじゃらし 今日日この程度じゃ騙せない　間で彷徨う常しえに 地獄の閻魔に申し入り　あの子を見受けておくんなまし 酔いどれ張り子の物語　やったれ死ぬまで猿芝居  あなたフラミンゴ　鮮やかなフラミンゴ　踊るまま ふらふら笑ってもう帰らない 寂しさと嫉妬ばっか残して 毎度あり　次はもっと大事にして
2019,9,King Gnu,白日,時には誰かを 知らず知らずのうちに 傷つけてしまったり 失ったりして初めて 犯した罪を知る  戻れないよ、昔のようには 煌めいて見えたとしても 明日へと歩き出さなきゃ 雪が降り頻ろうとも  今の僕には 何ができるの？ 何になれるの？ 誰かのために生きるなら 正しいことばかり 言ってらんないよな  どこかの街で また出逢えたら 僕の名前を 覚えていますか？ その頃にはきっと 春風が吹くだろう  真っ新に生まれ変わって 人生一から始めようが へばりついて離れない 地続きの今を歩いているんだ  真っ白に全てさよなら 降りしきる雪よ 全てを包み込んでくれ 今日だけは 全てを隠してくれ  もう戻れないよ、昔のようには 羨んでしまったとしても 明日へと歩き出さなきゃ 雪が降り頻ろうとも  いつものように笑ってたんだ 分かり合えると思ってたんだ 曖昧なサインを見落として 途方のない間違い探し  季節を越えて また出逢えたら 君の名前を 呼んでもいいかな その頃にはきっと 春風が吹くだろう  真っ新に生まれ変わって 人生一から始めようが 首の皮一枚繋がった 如何しようも無い今を 生きていくんだ  真っ白に全てさよなら 降りしきる雪よ 今だけはこの心を凍らせてくれ 全てを忘れさせてくれよ  朝目覚めたら どっかの誰かに なってやしないかな なれやしないよな 聞き流してくれ  忙しない日常の中で 歳だけを重ねた その向こう側に 待ち受けるのは 天国か地獄か  いつだって人は鈍感だもの わかりゃしないんだ肚の中 それでも愛し愛され 生きて行くのが定めと知って  後悔ばかりの人生だ 取り返しのつかない過ちの 一つや二つくらい 誰にでもあるよな そんなんもんだろう うんざりするよ  真っ新に生まれ変わって 人生一から始めようが へばりついて離れない 地続きの今を歩いて行くんだ  真っ白に全てさようなら 降りしきる雪よ 全てを包み込んでくれ 今日だけは 全てを隠してくれ
2019,10,MISIA,アイノカタチ feat.HIDE(GReeeeN),あのね　いつの間にか　気づいたんだ　愛に　もし　カタチがあって それがすでに　わたしの胸に　はまってたなら きっとずっと　今日よりもっと　あなたのことを知るたびに そのカタチはもう　あなたじゃなきゃ　きっと隙間を作ってしまうね  あのね　大好きだよ あなたが心の中で　広がってくたび 愛が　溢れ　涙こぼれるんだ  これから沢山の　泣き笑いを　知るたびに増えていくの 飛び出たとこ　へこんだとこ　二人になってく 時にぶつかり　すり減って　そして　また　埋めあっていけばいい  大好きなあなたが そばにいないときに　ほら　胸が痛くなって あなたのカタチ　見える　気がしたんだ  あのね　大好きだよ 何万回も　伝えよう　温かく増えた想いは 全部　アイノカタチです  ずっと　ずっと　大好きだよ あなたが心の中で　広がってくたび 愛が　溢れ　涙こぼれるんだ 星の数ほどの中　ただ一人のあなたが　心にいるんだ あのね　あのね　ずっと　大好きだよ 大好きだよ　ああ　ありがとう
2019,11,LiSA,紅蓮華,強くなれる理由を知った　僕を連れて進め  泥だらけの走馬灯に酔う　こわばる心 震える手は掴みたいものがある　それだけさ 夜の匂いに空睨んでも 変わっていけるのは自分自身だけ　それだけさ  強くなれる理由を知った　僕を連れて進め  どうしたって！ 消せない夢も　止まれない今も 誰かのために強くなれるなら ありがとう　悲しみよ 世界に打ちのめされて負ける意味を知った 紅蓮の華よ咲き誇れ！　運命を照らして  イナビカリの雑音が耳を刺す　戸惑う心 優しいだけじゃ守れないものがある？　わかってるけど 水面下で絡まる善悪　透けて見える偽善に天罰 逸材の花より　挑み続け咲いた一輪が美しい  乱暴に敷き詰められた　トゲだらけの道も 本気の僕だけに現れるから　乗り越えてみせるよ 簡単に片付けられた　守れなかった夢も 紅蓮の心臓に根を生やし　この血に宿ってる  人知れず儚い　散りゆく結末 無情に破れた　悲鳴の風吹く 誰かの笑う影　誰かの泣き声 誰もが幸せを願ってる  どうしたって！ 消せない夢も　止まれない今も 誰かのために強くなれるなら ありがとう　悲しみよ 世界に打ちのめされて負ける意味を知った 紅蓮の華よ咲き誇れ！　運命を照らして
2019,12,米津玄師,海の幽霊,開け放たれた　この部屋には誰もいない 潮風の匂い　滲みついた椅子がひとつ  あなたが迷わないように　空けておくよ 軋む戸を叩いて なにから話せばいいのか　わからなくなるかな  星が降る夜にあなたにあえた あの夜を忘れはしない 大切なことは言葉にならない 夏の日に起きた全て 思いがけず光るのは　海の幽霊  茹だる夏の夕に梢が　船を見送る いくつかの歌を囁く　花を散らして  あなたがどこかで笑う　声が聞こえる 熱い頬の手触り ねじれた道を進んだら　その瞼が開く  離れ離れてもときめくもの 叫ぼう今は幸せと 大切なことは言葉にならない 跳ねる光に溶かして  星が降る夜にあなたにあえた あのときを忘れはしない 大切なことは言葉にならない 夏の日に起きた全て 思いがけず光るのは　海の幽霊  風薫る砂浜で　また会いましょう
2019,13,RADWIMPS,愛にできることはまだあるかい,何も持たずに　生まれ堕ちた僕 永遠の隙間で　のたうち回ってる  諦めた者と　賢い者だけが 勝者の時代に　どこで息を吸う  支配者も神も　どこか他人顔 だけど本当は　分かっているはず  勇気や希望や　絆とかの魔法 使い道もなく　オトナは眼を背ける  それでもあの日の　君が今もまだ 僕の全正義の　ど真ん中にいる  世界が背中を　向けてもまだなお 立ち向かう君が　今もここにいる  愛にできることはまだあるかい 僕にできることはまだあるかい  君がくれた勇気だから　君のために使いたいんだ 君と分け合った愛だから　君とじゃなきゃ意味がないんだ  愛にできることはまだあるかい 僕にできることは　まだあるかい  運命(サダメ)とはつまり　サイコロの出た目？ はたまた神の　いつもの気まぐれ  選び選ばれた　脱げられぬ鎧 もしくは遥かな　揺らぐことない意志  果たさぬ願いと　叶わぬ再会と ほどけぬ誤解と　降り積もる憎悪と  許し合う声と　握りしめ合う手を この星は今日も　抱えて生きてる  愛にできることはまだあるかい？ 僕にできることはまだあるかい  君がくれた勇気だから　君のために使いたいんだ 君と育てた愛だから　君とじゃなきゃ意味がないんだ  愛にできることはまだあるかい 僕にできることは　まだあるかい  何もない僕たちに　なぜ夢を見させたか 終わりある人生に　なぜ希望を持たせたか  なぜこの手をすり抜ける　ものばかり与えたか それでもなおしがみつく　僕らは醜いかい それとも、きれいかい  答えてよ  愛の歌も　歌われ尽くした　数多の映画で　語られ尽くした そんな荒野に　生まれ落ちた僕、君　それでも  愛にできることはまだあるよ 僕にできることはまだあるよ
2019,14,Uru,プロローグ,目にかかる髪の毛と かきわけた指 壊れそうでどこか 寂し気な背中  頼りない太陽を 滲ませながら 微笑んだ　その横顔 見つめていた  いつの間にかその全て 視界に入ってくるの 心が波打つ痛みに どうして気づいてしまったの  あなたを探してる 隠した瞳の奥で 誰にも見えぬように 行き場もなくて彷徨いながら あなたと見る世界は いつでも綺麗だった 空には一つだけ 淡く光る　小さな星が 残ってる  求めては突き放す 読めない心 見つめられる程に 嘘がつけない  力なく点滅する あの街灯を 見上げてた　その横顔は 優しかった  破れそうに膨らんで 真赤に熟れた果実は 誰かの摘む手を待っている ねえ、それは　私だった  あなたが溢れて行く 抑えた胸の数だけ 隠せない「始まり」を 次から次へ手の平に伝えていくよ  風は冷たいのに 染まった心は赤いままで あなたに触れたいと思ってしまった どうして二人出会ったの  痛くて苦しくて それなら見えないように どこかへ飛んでいけ そう思うのに  あなたを探してる 何度も名前を呼んで 空には一つだけ 淡く光る　小さな星を 浮かべて
2019,15,MAN WITH A MISSION,Remember M,
2019,16,back number,オールドファッション,よく晴れた空に　雪が降るような ああ　そう　多分そんな感じだ 変な例えだね　僕もそう思うよ だけど君はそんな感じだ  一体どこから話せば 君という素敵な生き物の素敵さが いま2回出た素敵はわざとだからね どうでもいいか  単純な事なんだきっと 比べるまでもないよ 僕に足りないものを全部 君が持ち合わせていたんだ 悲しくなるくらい ああ　それを今数えてた所だよ  不安とか迷いでできている 僕の胸の細胞を 出来るなら君と取り替えて欲しかった 花は風を待って 月が夜を照らすのと同じように 僕に君なんだ  デコボコしてても　並んで歩けば この道がいいと思った  お祝いしようって君が なんにも無い日に言い出すのは決まって 僕がバレないように落ち込んだ時だ 不甲斐ないね  肝心な所はいつも 少し君の真似をして はずれでも優しい答えが出せるように 鳥は春を歌って いつだってそれに気付いてる君に 僕はなりたかった  僕と見た街は夜空は どう映っていたんだろう 君は後悔していないかな ねぇちょっと そんなのどうだっていいの ドーナツ買って来てよって 君なら　ああ　そう言うだろうな  単純な事なんだきっと 誰がなんと言おうと どれだけの時間が命が巡ったとしても 風は花を探して 夜と月が呼び合うのと同じように 君には僕なんだ
2019,17,あいみょん,ハルノヒ,北千住駅のプラットホーム 銀色の改札 思い出話と 想い出ふかし 腰掛けたベンチで  僕らは何も見えない 未来を誓い合った  寒さにこらえた木々と猫が まるで僕らのことで 蕾を咲かせようと実を揺らしてる 素敵に笑っている  焦らないでいい いつか花束になっておくれよ  それまで待っていてね これからの展開をふたりで 飽きるまで過ごしてみるからね 最低限の愛を伝えながら  どんな未来が こちらを覗いてるかな 君の強さと僕の弱さをわけ合えば どんな凄いことが起きるかな？ ほら もうこんなにも幸せ いつかはひとり いつかはふたり 大切を増やしていこう  北千住駅をフワっと歩く 藍色のスカート いつになく遠く遠くに見える 加速する足音  素直じゃないと いけないような気がしたよ  優しさに甘えすぎて 怯えすぎた男の背中に 掌を添えてくれるのはもう 前を歩く君じゃなきゃダメだから  どうか未来が こちらに手を振ってほしい 日々の辛さと僕の体が だらしなく帰る場所を探し続けている ほら もうこんなにも夕焼け いつかの灯り思い出すとき 大切に気づくのでしょう  焦らないでいい いつか花束になっておくれよ 僕らは何も見えない 未来を誓い合った  どんな未来が こちらを覗いてるかな 君の強さと僕の弱さをわけ合えば どんな凄いことが起きるかな？ ほら もうこんなにも幸せ いつかはひとり いつかはふたり いや もっと もっと 大切を増やしていこう？  住み慣れた駅のプラットホーム 水色に挨拶 「お帰りなさい」と 小さく揺れる影を踏む幸せ
2019,18,スピッツ,優しいあの子,重い扉を押し開けたら　暗い道が続いてて めげずに歩いたその先に　知らなかった世界 氷を散らす風すら　味方にもできるんだなあ 切り取られることのない　丸い大空の色を 優しいあの子にも教えたい　ルルル…  口にする度に泣けるほど　憧れて砕かれて 消えかけた火を胸に抱き　たどり着いたコタン 芽吹きを待つ仲間が　麓にも生きていたんだなあ 寂しい夜温める　古い許しの歌を 優しいあの子にも聴かせたい　ルルル…  怖がりで言いそびれた　ありがとうの一言と 日なたでまた会えるなら　丸い大空の色を 優しいあの子にも教えたい　ルルル…
2019,19,Official髭男dism,宿命,心臓からあふれ出した声で 歌うメロディ　振り向いた未来 君から溢れだした声と 合わさって響いた　群青の空の下  夢じゃない　夢じゃない　涙の足跡 嘘じゃない　嘘じゃない　泥だらけの笑顔 夢じゃない　夢じゃない　肩を組んで叫びたい 僕らの想い　届け！  奇跡じゃなくていい　美しくなくていい 生き甲斐ってやつが光り輝くから 切れないバッテリー　魂の限り 宿命ってやつを燃やして　暴れ出すだけなんだ  沈黙が続いたイヤフォン 自分の弱さに遠ざかってく未来 「大丈夫」や「頑張れ」って歌詞に 苛立ってしまった　そんな夜もあった  夢じゃない　夢じゃない　あの日の悔しさと 忘れない　忘れない　掌の爪痕 無駄じゃない　無駄じゃない　それも全て讃えたい もうあと少し  願いの熱さに　汗まみれになったり 期待背負って立って　重さに臆病になるけど 僕らの背番号　それは背中じゃなく 瞳の奥のアンサー　重なって　照らしあってくFOREVER  緊張から不安が芽生えて 根を張るみたいに　僕らを支配する そんなものに負けてたまるかと 今　宿命ってやつを燃やして　暴れ出す  届け！ 奇跡じゃなくていい　美しくなくていい 生き甲斐ってやつが光り輝くから 切れないバッテリー　魂の限り 宿命ってやつを燃やして　暴れ出すだけなんだ  ただ宿命ってやつをかざして　立ち向かうだけなんだ
2019,20,DA PUMP,U.S.A.,"U-U-U.S.A. U-U-U.S.A.  C',,,C'mon, baby ×2  U.S.A. オールドムービー観たシネマ U.S.A. リーゼントヘア真似した U.S.A. FM聴いてた渚 U.S.A. リズムが衝撃だった  数十年で関係(リレーションシップ) だいぶ変化したようだ だけれど僕らは地球人 同(おんな)じ星(ふね)の旅人さ  C'mon, baby アメリカ ドリームの見方をInspired C'mon, baby アメリカ 交差するルーツ　タイムズスクエア C'mon, baby アメリカ 憧れてたティーンネイジャーが C'mon, baby アメリカ 競合してく　ジパングで  C',,,C'mon, baby  U.S.A. ツイスト踊ったフロア U.S.A. ミラーボールに恋した U.S.A. 仲間の中古のオープンカー U.S.A. あの娘(こ)は髪なびかせた  パシフィック・オーシャン　一飛(ひとっと)び ハートはいつもファーストクラス 夢というグラス交わし Love &amp; Peace誓うのさ  C'mon, baby アメリカ サクセスの味方 Organizer C'mon, baby アメリカ ニューウェーブ寄せる　ウェストコースト C'mon, baby アメリカ どっちかの夜は昼間 C'mon, baby アメリカ ユナイテッドする　朝焼け  C',,,C'mon, baby ×2  C'mon, baby アメリカ ドリームの見方をInspired C'mon, baby アメリカ 交差するルーツ　タイムズスクエア C'mon, baby アメリカ 憧れてたティーンネイジャーが C'mon, baby アメリカ 競合してく　ジパングで  C',,,C'mon, baby ×2"
